-- phpMyAdmin SQL Dump
-- version 4.8.5
-- https://www.phpmyadmin.net/
--
-- Host: 127.0.0.1
-- Generation Time: Jun 19, 2019 at 03:51 PM
-- Server version: 10.1.38-MariaDB
-- PHP Version: 7.3.3

SET SQL_MODE = "NO_AUTO_VALUE_ON_ZERO";
SET AUTOCOMMIT = 0;
START TRANSACTION;
SET time_zone = "+00:00";


/*!40101 SET @OLD_CHARACTER_SET_CLIENT=@@CHARACTER_SET_CLIENT */;
/*!40101 SET @OLD_CHARACTER_SET_RESULTS=@@CHARACTER_SET_RESULTS */;
/*!40101 SET @OLD_COLLATION_CONNECTION=@@COLLATION_CONNECTION */;
/*!40101 SET NAMES utf8mb4 */;

--
-- Database: `mcq`
--

-- --------------------------------------------------------

--
-- Table structure for table `batch`
--

CREATE TABLE `batch` (
  `batch_id` int(11) NOT NULL,
  `division_id` int(11) NOT NULL,
  `batch_name` varchar(255) NOT NULL,
  `created_by` int(11) NOT NULL,
  `created_at` timestamp NOT NULL DEFAULT CURRENT_TIMESTAMP,
  `updated_by` int(11) NOT NULL,
  `updated_at` timestamp NOT NULL DEFAULT CURRENT_TIMESTAMP,
  `deleted` tinyint(4) NOT NULL DEFAULT '0',
  `additional_description` varchar(255) DEFAULT NULL
) ENGINE=InnoDB DEFAULT CHARSET=latin1;

--
-- Dumping data for table `batch`
--

INSERT INTO `batch` (`batch_id`, `division_id`, `batch_name`, `created_by`, `created_at`, `updated_by`, `updated_at`, `deleted`, `additional_description`) VALUES
(1, 1, 'A', 1, '2019-04-19 11:38:28', 1, '2019-04-19 11:38:28', 0, ''),
(2, 1, 'B', 1, '2019-04-19 11:38:28', 1, '2019-04-19 11:38:28', 0, ''),
(3, 2, 'A', 1, '2019-04-19 11:38:28', 1, '2019-04-19 11:38:28', 0, ''),
(4, 2, 'B', 1, '2019-04-19 11:38:28', 1, '2019-04-19 11:38:28', 0, ''),
(5, 3, 'A', 1, '2019-04-19 11:38:29', 1, '2019-04-19 11:38:29', 0, ''),
(6, 3, 'B', 1, '2019-04-19 11:38:29', 1, '2019-04-19 11:38:29', 0, ''),
(7, 4, 'A', 1, '2019-04-19 11:38:29', 1, '2019-04-19 11:38:29', 0, ''),
(8, 4, 'B', 1, '2019-04-19 11:38:29', 1, '2019-04-19 11:38:29', 0, ''),
(9, 5, 'A', 1, '2019-04-19 11:38:30', 1, '2019-04-19 11:38:30', 0, ''),
(10, 5, 'B', 1, '2019-04-19 11:38:30', 1, '2019-04-19 11:38:30', 0, ''),
(11, 6, 'A', 1, '2019-04-19 11:38:30', 1, '2019-04-19 11:38:30', 0, ''),
(12, 6, 'B', 1, '2019-04-19 11:38:30', 1, '2019-04-19 11:38:30', 0, ''),
(13, 7, 'A', 1, '2019-04-19 11:38:31', 1, '2019-04-19 11:38:31', 0, ''),
(14, 7, 'B', 1, '2019-04-19 11:38:31', 1, '2019-04-19 11:38:31', 0, ''),
(15, 8, 'A', 1, '2019-04-19 11:38:31', 1, '2019-04-19 11:38:31', 0, ''),
(16, 8, 'B', 1, '2019-04-19 11:38:31', 1, '2019-04-19 11:38:31', 0, ''),
(17, 9, 'A', 1, '2019-04-19 11:38:32', 1, '2019-04-19 11:38:32', 0, ''),
(18, 9, 'B', 1, '2019-04-19 11:38:32', 1, '2019-04-19 11:38:32', 0, ''),
(19, 10, 'A', 1, '2019-04-19 11:38:32', 1, '2019-04-19 11:38:32', 0, ''),
(20, 10, 'B', 1, '2019-04-19 11:38:33', 1, '2019-04-19 11:38:33', 0, '');

-- --------------------------------------------------------

--
-- Table structure for table `branch`
--

CREATE TABLE `branch` (
  `branch_id` int(11) NOT NULL,
  `branch_name` varchar(255) NOT NULL,
  `branch_code` varchar(255) NOT NULL,
  `created_by` int(11) NOT NULL,
  `created_at` timestamp NOT NULL DEFAULT CURRENT_TIMESTAMP,
  `updated_by` int(11) NOT NULL,
  `updated_at` timestamp NOT NULL DEFAULT CURRENT_TIMESTAMP,
  `deleted` tinyint(4) NOT NULL DEFAULT '0',
  `additional_description` varchar(255) DEFAULT NULL
) ENGINE=InnoDB DEFAULT CHARSET=latin1;

--
-- Dumping data for table `branch`
--

INSERT INTO `branch` (`branch_id`, `branch_name`, `branch_code`, `created_by`, `created_at`, `updated_by`, `updated_at`, `deleted`, `additional_description`) VALUES
(1, 'Information Technology', 'IT', 1, '2019-04-18 14:39:49', 1, '2019-04-18 14:39:49', 0, ''),
(2, 'Computer Engineering', 'CO', 1, '2019-04-18 14:41:15', 1, '2019-04-18 14:41:15', 0, ''),
(3, 'Mechanical Engineering', 'ME', 1, '2019-04-18 14:41:45', 1, '2019-04-18 14:41:45', 0, ''),
(4, 'Electronics And Telecommunication', 'ETRX', 1, '2019-04-18 14:42:47', 1, '2019-04-18 14:42:47', 0, ''),
(5, 'Electronics Engineering', 'EXTC', 1, '2019-04-18 14:44:32', 1, '2019-04-18 14:44:32', 0, ''),
(9, 'Civil Engineering', 'CE', 1, '2019-06-18 14:36:10', 1, '2019-06-18 14:36:10', 0, NULL);

-- --------------------------------------------------------

--
-- Table structure for table `chapter`
--

CREATE TABLE `chapter` (
  `chapter_id` int(11) NOT NULL,
  `subject_id` int(11) NOT NULL,
  `chapter_name` varchar(255) NOT NULL,
  `created_by` int(11) NOT NULL,
  `created_at` timestamp NOT NULL DEFAULT CURRENT_TIMESTAMP,
  `updated_by` int(11) NOT NULL,
  `updated_at` timestamp NOT NULL DEFAULT CURRENT_TIMESTAMP,
  `deleted` tinyint(4) NOT NULL DEFAULT '0',
  `additional_description` varchar(255) DEFAULT NULL
) ENGINE=InnoDB DEFAULT CHARSET=latin1;

--
-- Dumping data for table `chapter`
--

INSERT INTO `chapter` (`chapter_id`, `subject_id`, `chapter_name`, `created_by`, `created_at`, `updated_by`, `updated_at`, `deleted`, `additional_description`) VALUES
(1, 1, 'Laplase', 1, '2019-04-19 12:38:11', 1, '2019-04-19 12:38:11', 0, ''),
(2, 1, 'probalility', 1, '2019-04-19 12:38:11', 1, '2019-04-19 12:38:11', 0, ''),
(3, 2, '3D transformation', 1, '2019-04-19 12:38:11', 1, '2019-04-19 12:38:11', 0, ''),
(4, 2, '2D transformation', 1, '2019-04-19 12:38:12', 1, '2019-04-19 12:38:12', 0, ''),
(5, 3, 'Grammer', 1, '2019-04-19 12:38:12', 1, '2019-04-19 12:38:12', 0, ''),
(6, 3, 'Report Writing', 1, '2019-04-19 12:38:12', 1, '2019-04-19 12:38:12', 0, ''),
(7, 4, 'Introduction to C', 1, '2019-04-19 12:38:12', 1, '2019-04-19 12:38:12', 0, ''),
(8, 4, 'Structurec in C', 1, '2019-04-19 12:38:13', 1, '2019-04-19 12:38:13', 0, ''),
(9, 5, 'Law of motion', 1, '2019-04-19 12:38:13', 1, '2019-04-19 12:38:13', 0, ''),
(10, 5, 'Oscillations', 1, '2019-04-19 12:38:13', 1, '2019-04-19 12:38:13', 0, ''),
(11, 6, 'Introduction to electronics', 1, '2019-04-19 12:38:13', 1, '2019-04-19 12:38:13', 0, ''),
(12, 6, 'Electric Circuits', 1, '2019-04-19 12:38:13', 1, '2019-04-19 12:38:13', 0, ''),
(13, 7, 'Greedy Approach', 1, '2019-04-19 12:38:14', 1, '2019-04-19 12:38:14', 0, ''),
(14, 7, 'Dynamic Programming', 1, '2019-04-19 12:38:14', 1, '2019-04-19 12:38:14', 0, ''),
(15, 8, 'Memory Management', 1, '2019-04-19 12:38:14', 1, '2019-04-19 12:38:14', 0, ''),
(16, 8, 'I/O management', 1, '2019-04-19 12:38:14', 1, '2019-04-19 12:38:14', 0, ''),
(17, 9, 'Introduction to python', 1, '2019-04-19 12:38:14', 1, '2019-04-19 12:38:14', 0, ''),
(18, 9, 'Functions in python', 1, '2019-04-19 12:38:15', 1, '2019-04-19 12:38:15', 0, ''),
(19, 10, 'An overview on networks', 1, '2019-04-19 12:38:15', 1, '2019-04-19 12:38:15', 0, ''),
(20, 10, 'Ethernet', 1, '2019-04-19 12:38:15', 1, '2019-04-19 12:38:15', 0, ''),
(21, 11, 'Scheduling Algorithms', 1, '2019-04-19 12:38:15', 1, '2019-04-19 12:38:15', 0, ''),
(22, 11, 'Paging', 1, '2019-04-19 12:38:15', 1, '2019-04-19 12:38:15', 0, ''),
(23, 12, 'Transactions', 1, '2019-04-19 12:38:16', 1, '2019-04-19 12:38:16', 0, ''),
(24, 12, 'Normalizations', 1, '2019-04-19 12:38:16', 1, '2019-04-19 12:38:16', 0, ''),
(25, 13, 'Introduction To System Programming', 1, '2019-04-19 12:38:16', 1, '2019-04-19 12:38:16', 0, ''),
(26, 13, 'Compiler Designing', 1, '2019-04-19 12:38:16', 1, '2019-04-19 12:38:16', 0, ''),
(27, 14, 'Introduction To Microprocessor', 1, '2019-04-19 12:38:17', 1, '2019-04-19 12:38:17', 0, ''),
(28, 14, '8086 Family', 1, '2019-04-19 12:38:17', 1, '2019-04-19 12:38:17', 0, ''),
(29, 15, 'HTML', 1, '2019-04-19 12:38:17', 1, '2019-04-19 12:38:17', 0, ''),
(30, 15, 'Javascript', 1, '2019-04-19 12:38:17', 1, '2019-04-19 12:38:17', 0, ''),
(31, 16, 'Introduction to PHP', 1, '2019-04-19 12:38:17', 1, '2019-04-19 12:38:17', 0, ''),
(32, 16, 'Database Connectivity in PHP', 1, '2019-04-19 12:38:18', 1, '2019-04-19 12:38:18', 0, ''),
(33, 17, 'Pentimum', 1, '2019-04-19 12:38:18', 1, '2019-04-19 12:38:18', 0, ''),
(34, 17, 'x86 family', 1, '2019-04-19 12:38:18', 1, '2019-04-19 12:38:18', 0, ''),
(35, 18, 'Sorting', 1, '2019-04-19 12:38:18', 1, '2019-04-19 12:38:18', 0, ''),
(36, 18, 'Trees', 1, '2019-04-19 12:38:18', 1, '2019-04-19 12:38:18', 0, ''),
(37, 19, 'Periodic Table', 1, '2019-04-19 12:38:19', 1, '2019-04-19 12:38:19', 0, ''),
(38, 19, 'Chemical Equations', 1, '2019-04-19 12:38:19', 1, '2019-04-19 12:38:19', 0, ''),
(39, 20, 'Java Overview', 1, '2019-04-19 12:38:19', 1, '2019-04-19 12:38:19', 0, ''),
(40, 20, 'Exception handling', 1, '2019-04-19 12:38:19', 1, '2019-04-19 12:38:19', 0, ''),
(41, 19, 'algebra', 1, '2019-06-18 14:25:01', 1, '2019-06-18 14:25:01', 0, NULL),
(42, 19, 'algebra', 1, '2019-06-18 14:25:20', 1, '2019-06-18 14:25:20', 0, NULL);

-- --------------------------------------------------------

--
-- Table structure for table `division`
--

CREATE TABLE `division` (
  `division_id` int(11) NOT NULL,
  `branch_id` int(11) NOT NULL,
  `division_name` varchar(255) NOT NULL,
  `created_by` int(11) NOT NULL,
  `created_at` timestamp NOT NULL DEFAULT CURRENT_TIMESTAMP,
  `updated_by` int(11) NOT NULL,
  `updated_at` timestamp NOT NULL DEFAULT CURRENT_TIMESTAMP,
  `deleted` tinyint(4) NOT NULL DEFAULT '0',
  `additional_description` varchar(255) DEFAULT NULL
) ENGINE=InnoDB DEFAULT CHARSET=latin1;

--
-- Dumping data for table `division`
--

INSERT INTO `division` (`division_id`, `branch_id`, `division_name`, `created_by`, `created_at`, `updated_by`, `updated_at`, `deleted`, `additional_description`) VALUES
(1, 1, 'IT1', 1, '2019-04-19 11:24:29', 1, '2019-04-19 11:24:29', 0, ''),
(2, 1, 'IT2', 1, '2019-04-19 11:24:29', 1, '2019-04-19 11:24:29', 0, ''),
(3, 2, 'CO1', 1, '2019-04-19 11:24:29', 1, '2019-04-19 11:24:29', 0, ''),
(4, 2, 'CO2', 1, '2019-04-19 11:24:29', 1, '2019-04-19 11:24:29', 0, ''),
(5, 3, 'ME1', 1, '2019-04-19 11:24:30', 1, '2019-04-19 11:24:30', 0, ''),
(6, 3, 'ME2', 1, '2019-04-19 11:24:30', 1, '2019-04-19 11:24:30', 0, ''),
(7, 4, 'ETRX1', 1, '2019-04-19 11:24:30', 1, '2019-04-19 11:24:30', 0, ''),
(8, 4, 'ETRX2', 1, '2019-04-19 11:24:30', 1, '2019-04-19 11:24:30', 0, ''),
(9, 5, 'EXTC1', 1, '2019-04-19 11:24:31', 1, '2019-04-19 11:24:31', 0, ''),
(10, 5, 'EXTC2', 1, '2019-04-19 11:24:31', 1, '2019-04-19 11:24:31', 0, '');

-- --------------------------------------------------------

--
-- Table structure for table `option`
--

CREATE TABLE `option` (
  `option_id` int(11) NOT NULL,
  `question_id` int(11) NOT NULL,
  `option` varchar(255) NOT NULL,
  `created_by` int(11) NOT NULL,
  `created_at` timestamp NOT NULL DEFAULT CURRENT_TIMESTAMP,
  `updated_by` int(11) NOT NULL,
  `updated_at` timestamp NOT NULL DEFAULT CURRENT_TIMESTAMP,
  `deleted` tinyint(4) NOT NULL DEFAULT '0',
  `additional_description` varchar(255) DEFAULT NULL
) ENGINE=InnoDB DEFAULT CHARSET=latin1;

--
-- Dumping data for table `option`
--

INSERT INTO `option` (`option_id`, `question_id`, `option`, `created_by`, `created_at`, `updated_by`, `updated_at`, `deleted`, `additional_description`) VALUES
(1, 1, '5', 1, '2019-04-19 14:50:45', 1, '2019-04-19 14:50:45', 0, ''),
(2, 1, '2', 1, '2019-04-19 14:50:45', 1, '2019-04-19 14:50:45', 0, ''),
(3, 1, '3', 1, '2019-04-19 14:50:45', 1, '2019-04-19 14:50:45', 0, ''),
(4, 1, '4', 1, '2019-04-19 14:50:45', 1, '2019-04-19 14:50:45', 0, ''),
(5, 1, '1', 1, '2019-04-19 14:50:45', 1, '2019-04-19 14:50:45', 0, ''),
(6, 2, '&', 1, '2019-04-19 14:50:45', 1, '2019-04-19 14:50:45', 0, ''),
(7, 2, '&=', 1, '2019-04-19 14:50:45', 1, '2019-04-19 14:50:45', 0, ''),
(8, 2, '^=', 1, '2019-04-19 14:50:45', 1, '2019-04-19 14:50:45', 0, ''),
(9, 2, '~', 1, '2019-04-19 14:50:45', 1, '2019-04-19 14:50:45', 0, ''),
(10, 2, '<<', 1, '2019-04-19 14:50:45', 1, '2019-04-19 14:50:45', 0, ''),
(11, 2, '>>', 1, '2019-04-19 14:50:45', 1, '2019-04-19 14:50:45', 0, ''),
(12, 2, '<=', 1, '2019-04-19 14:50:45', 1, '2019-04-19 14:50:45', 0, ''),
(13, 3, '<<', 1, '2019-04-19 14:50:45', 1, '2019-04-19 14:50:45', 0, ''),
(14, 3, '>>>', 1, '2019-04-19 14:50:45', 1, '2019-04-19 14:50:45', 0, ''),
(15, 3, '^', 1, '2019-04-19 14:50:45', 1, '2019-04-19 14:50:45', 0, ''),
(16, 3, '&', 1, '2019-04-19 14:50:45', 1, '2019-04-19 14:50:45', 0, ''),
(17, 3, '>>', 1, '2019-04-19 14:50:45', 1, '2019-04-19 14:50:45', 0, ''),
(18, 3, '~', 1, '2019-04-19 14:50:45', 1, '2019-04-19 14:50:45', 0, ''),
(19, 4, '1', 1, '2019-04-19 14:50:45', 1, '2019-04-19 14:50:45', 0, ''),
(20, 4, '32', 1, '2019-04-19 14:50:45', 1, '2019-04-19 14:50:45', 0, ''),
(21, 4, '33', 1, '2019-04-19 14:50:45', 1, '2019-04-19 14:50:45', 0, ''),
(22, 4, '30', 1, '2019-04-19 14:50:45', 1, '2019-04-19 14:50:45', 0, ''),
(23, 4, '2', 1, '2019-04-19 14:50:45', 1, '2019-04-19 14:50:45', 0, ''),
(24, 4, '31', 1, '2019-04-19 14:50:46', 1, '2019-04-19 14:50:46', 0, ''),
(25, 5, '<<', 1, '2019-04-19 14:50:46', 1, '2019-04-19 14:50:46', 0, ''),
(26, 5, '<<=', 1, '2019-04-19 14:50:46', 1, '2019-04-19 14:50:46', 0, ''),
(27, 5, '>>>', 1, '2019-04-19 14:50:46', 1, '2019-04-19 14:50:46', 0, ''),
(28, 5, '>>=', 1, '2019-04-19 14:50:46', 1, '2019-04-19 14:50:46', 0, ''),
(29, 5, '>>', 1, '2019-04-19 14:50:46', 1, '2019-04-19 14:50:46', 0, ''),
(30, 6, 'Integer', 1, '2019-04-19 14:50:46', 1, '2019-04-19 14:50:46', 0, ''),
(31, 6, 'Characters', 1, '2019-04-19 14:50:46', 1, '2019-04-19 14:50:46', 0, ''),
(32, 6, 'Double', 1, '2019-04-19 14:50:46', 1, '2019-04-19 14:50:46', 0, ''),
(33, 6, 'Float', 1, '2019-04-19 14:50:46', 1, '2019-04-19 14:50:46', 0, ''),
(34, 6, 'Long', 1, '2019-04-19 14:50:46', 1, '2019-04-19 14:50:46', 0, ''),
(35, 6, 'Short', 1, '2019-04-19 14:50:46', 1, '2019-04-19 14:50:46', 0, ''),
(36, 6, 'Boolean', 1, '2019-04-19 14:50:46', 1, '2019-04-19 14:50:46', 0, ''),
(37, 7, 'true and false are numeric values 1 and 0', 1, '2019-04-19 14:50:46', 1, '2019-04-19 14:50:46', 0, ''),
(38, 7, 'true and false are numeric values 0 and 1', 1, '2019-04-19 14:50:46', 1, '2019-04-19 14:50:46', 0, ''),
(39, 7, 'true is any non zero value and false is 0', 1, '2019-04-19 14:50:46', 1, '2019-04-19 14:50:46', 0, ''),
(40, 7, 'true is greater than 0 and false is less than 0', 1, '2019-04-19 14:50:46', 1, '2019-04-19 14:50:46', 0, ''),
(41, 7, 'true and false are non numeric values', 1, '2019-04-19 14:50:46', 1, '2019-04-19 14:50:46', 0, ''),
(42, 8, 'Single Inheritance', 1, '2019-04-19 14:50:46', 1, '2019-04-19 14:50:46', 0, ''),
(43, 8, 'Multilevel Inheritance', 1, '2019-04-19 14:50:46', 1, '2019-04-19 14:50:46', 0, ''),
(44, 8, 'Hierarchical Inheritance', 1, '2019-04-19 14:50:46', 1, '2019-04-19 14:50:46', 0, ''),
(45, 8, 'Hybrid Inheritance', 1, '2019-04-19 14:50:46', 1, '2019-04-19 14:50:46', 0, ''),
(46, 8, 'Multiple Inheritance', 1, '2019-04-19 14:50:46', 1, '2019-04-19 14:50:46', 0, ''),
(47, 9, 'Execution time polymorphism', 1, '2019-04-19 14:50:46', 1, '2019-04-19 14:50:46', 0, ''),
(48, 9, 'Multiple polymorphism', 1, '2019-04-19 14:50:47', 1, '2019-04-19 14:50:47', 0, ''),
(49, 9, 'Multilevel polymorphism', 1, '2019-04-19 14:50:47', 1, '2019-04-19 14:50:47', 0, ''),
(50, 9, 'Hierarchical polymorphism', 1, '2019-04-19 14:50:47', 1, '2019-04-19 14:50:47', 0, ''),
(51, 9, 'Single polymorphism', 1, '2019-04-19 14:50:47', 1, '2019-04-19 14:50:47', 0, ''),
(52, 9, 'Compile time polymorphism', 1, '2019-04-19 14:50:47', 1, '2019-04-19 14:50:47', 0, ''),
(53, 10, 'At run time', 1, '2019-04-19 14:50:47', 1, '2019-04-19 14:50:47', 0, ''),
(54, 10, 'At coding time', 1, '2019-04-19 14:50:47', 1, '2019-04-19 14:50:47', 0, ''),
(55, 10, 'At execution time', 1, '2019-04-19 14:50:47', 1, '2019-04-19 14:50:47', 0, ''),
(56, 10, 'None of the Above', 1, '2019-04-19 14:50:47', 1, '2019-04-19 14:50:47', 0, ''),
(57, 10, 'At compile time', 1, '2019-04-19 14:50:47', 1, '2019-04-19 14:50:47', 0, ''),
(58, 11, 'Inheritance', 1, '2019-04-19 14:50:47', 1, '2019-04-19 14:50:47', 0, ''),
(59, 11, 'Polymorphism', 1, '2019-04-19 14:50:47', 1, '2019-04-19 14:50:47', 0, ''),
(60, 11, 'Abstraction', 1, '2019-04-19 14:50:47', 1, '2019-04-19 14:50:47', 0, ''),
(61, 11, 'None of the above', 1, '2019-04-19 14:50:47', 1, '2019-04-19 14:50:47', 0, ''),
(62, 11, 'Encapsulation', 1, '2019-04-19 14:50:47', 1, '2019-04-19 14:50:47', 0, ''),
(63, 12, 'JVM', 1, '2019-04-19 14:50:47', 1, '2019-04-19 14:50:47', 0, ''),
(64, 12, 'JIT', 1, '2019-04-19 14:50:47', 1, '2019-04-19 14:50:47', 0, ''),
(65, 12, 'JRE', 1, '2019-04-19 14:50:47', 1, '2019-04-19 14:50:47', 0, ''),
(66, 12, 'All of the above', 1, '2019-04-19 14:50:47', 1, '2019-04-19 14:50:47', 0, ''),
(67, 12, 'None of the above', 1, '2019-04-19 14:50:47', 1, '2019-04-19 14:50:47', 0, ''),
(68, 12, 'JDK', 1, '2019-04-19 14:50:47', 1, '2019-04-19 14:50:47', 0, ''),
(69, 13, 'JVM', 1, '2019-04-19 14:50:47', 1, '2019-04-19 14:50:47', 0, ''),
(70, 13, 'JDK', 1, '2019-04-19 14:50:47', 1, '2019-04-19 14:50:47', 0, ''),
(71, 13, 'JIT', 1, '2019-04-19 14:50:47', 1, '2019-04-19 14:50:47', 0, ''),
(72, 13, 'All of the above', 1, '2019-04-19 14:50:47', 1, '2019-04-19 14:50:47', 0, ''),
(73, 13, 'None of the above', 1, '2019-04-19 14:50:48', 1, '2019-04-19 14:50:48', 0, ''),
(74, 13, 'JRE', 1, '2019-04-19 14:50:48', 1, '2019-04-19 14:50:48', 0, ''),
(75, 14, 'Platform dependent programming language', 1, '2019-04-19 14:50:48', 1, '2019-04-19 14:50:48', 0, ''),
(76, 14, 'Code dependent programming language', 1, '2019-04-19 14:50:48', 1, '2019-04-19 14:50:48', 0, ''),
(77, 14, 'Sequence dependent programming language', 1, '2019-04-19 14:50:48', 1, '2019-04-19 14:50:48', 0, ''),
(78, 14, 'All of the above', 1, '2019-04-19 14:50:48', 1, '2019-04-19 14:50:48', 0, ''),
(79, 14, 'None of the above', 1, '2019-04-19 14:50:48', 1, '2019-04-19 14:50:48', 0, ''),
(80, 14, 'Platform independent programming language', 1, '2019-04-19 14:50:48', 1, '2019-04-19 14:50:48', 0, ''),
(81, 15, 'public', 1, '2019-04-19 14:50:48', 1, '2019-04-19 14:50:48', 0, ''),
(82, 15, 'static', 1, '2019-04-19 14:50:48', 1, '2019-04-19 14:50:48', 0, ''),
(83, 15, 'final', 1, '2019-04-19 14:50:48', 1, '2019-04-19 14:50:48', 0, ''),
(84, 15, 'All of the above', 1, '2019-04-19 14:50:48', 1, '2019-04-19 14:50:48', 0, ''),
(85, 15, 'None of the above', 1, '2019-04-19 14:50:48', 1, '2019-04-19 14:50:48', 0, ''),
(86, 15, 'private', 1, '2019-04-19 14:50:48', 1, '2019-04-19 14:50:48', 0, ''),
(87, 16, '.class', 1, '2019-04-19 14:50:48', 1, '2019-04-19 14:50:48', 0, ''),
(88, 16, '.txt', 1, '2019-04-19 14:50:48', 1, '2019-04-19 14:50:48', 0, ''),
(89, 16, '.js', 1, '2019-04-19 14:50:48', 1, '2019-04-19 14:50:48', 0, ''),
(90, 16, '.docx', 1, '2019-04-19 14:50:48', 1, '2019-04-19 14:50:48', 0, ''),
(91, 16, '.pdf', 1, '2019-04-19 14:50:48', 1, '2019-04-19 14:50:48', 0, ''),
(92, 16, '.exe', 1, '2019-04-19 14:50:48', 1, '2019-04-19 14:50:48', 0, ''),
(93, 16, '.asm', 1, '2019-04-19 14:50:48', 1, '2019-04-19 14:50:48', 0, ''),
(94, 16, '.java', 1, '2019-04-19 14:50:48', 1, '2019-04-19 14:50:48', 0, ''),
(95, 17, '.java', 1, '2019-04-19 14:50:48', 1, '2019-04-19 14:50:48', 0, ''),
(96, 17, '.txt', 1, '2019-04-19 14:50:49', 1, '2019-04-19 14:50:49', 0, ''),
(97, 17, '.js', 1, '2019-04-19 14:50:49', 1, '2019-04-19 14:50:49', 0, ''),
(98, 17, '.pdf', 1, '2019-04-19 14:50:49', 1, '2019-04-19 14:50:49', 0, ''),
(99, 17, '.docx', 1, '2019-04-19 14:50:49', 1, '2019-04-19 14:50:49', 0, ''),
(100, 17, '.class', 1, '2019-04-19 14:50:49', 1, '2019-04-19 14:50:49', 0, ''),
(101, 18, 'They convert byte code to machine language code', 1, '2019-04-19 14:50:49', 1, '2019-04-19 14:50:49', 0, ''),
(102, 18, 'They are intermediated between JIT and JVM', 1, '2019-04-19 14:50:49', 1, '2019-04-19 14:50:49', 0, ''),
(103, 18, 'It is a synonym for JIT', 1, '2019-04-19 14:50:49', 1, '2019-04-19 14:50:49', 0, ''),
(104, 18, 'None of the above', 1, '2019-04-19 14:50:49', 1, '2019-04-19 14:50:49', 0, ''),
(105, 18, 'All of the above', 1, '2019-04-19 14:50:49', 1, '2019-04-19 14:50:49', 0, ''),
(106, 19, 'finalize', 1, '2019-04-19 14:50:49', 1, '2019-04-19 14:50:49', 0, ''),
(107, 19, 'delete', 1, '2019-04-19 14:50:49', 1, '2019-04-19 14:50:49', 0, ''),
(108, 19, 'class', 1, '2019-04-19 14:50:49', 1, '2019-04-19 14:50:49', 0, ''),
(109, 19, 'object', 1, '2019-04-19 14:50:49', 1, '2019-04-19 14:50:49', 0, ''),
(110, 19, 'None of the above', 1, '2019-04-19 14:50:49', 1, '2019-04-19 14:50:49', 0, ''),
(111, 19, 'constructor', 1, '2019-04-19 14:50:49', 1, '2019-04-19 14:50:49', 0, ''),
(112, 20, 'import', 1, '2019-04-19 14:50:49', 1, '2019-04-19 14:50:49', 0, ''),
(113, 20, 'catch', 1, '2019-04-19 14:50:49', 1, '2019-04-19 14:50:49', 0, ''),
(114, 20, 'abstract', 1, '2019-04-19 14:50:49', 1, '2019-04-19 14:50:49', 0, ''),
(115, 20, 'try', 1, '2019-04-19 14:50:49', 1, '2019-04-19 14:50:49', 0, ''),
(116, 20, 'extends', 1, '2019-04-19 14:50:49', 1, '2019-04-19 14:50:49', 0, ''),
(117, 20, 'finally', 1, '2019-04-19 14:50:49', 1, '2019-04-19 14:50:49', 0, ''),
(118, 20, 'super', 1, '2019-04-19 14:50:49', 1, '2019-04-19 14:50:49', 0, ''),
(119, 20, 'this', 1, '2019-04-19 14:50:49', 1, '2019-04-19 14:50:49', 0, ''),
(120, 21, 'collection of programs that manages hardware resources', 1, '2019-04-19 14:50:50', 1, '2019-04-19 14:50:50', 0, ''),
(121, 21, 'system service provider to the application programs', 1, '2019-04-19 14:50:50', 1, '2019-04-19 14:50:50', 0, ''),
(122, 21, 'link to interface the hardware and application programs', 1, '2019-04-19 14:50:50', 1, '2019-04-19 14:50:50', 0, ''),
(123, 21, 'None of the above', 1, '2019-04-19 14:50:50', 1, '2019-04-19 14:50:50', 0, ''),
(124, 21, 'All of the above', 1, '2019-04-19 14:50:50', 1, '2019-04-19 14:50:50', 0, ''),
(125, 22, 'API', 1, '2019-04-19 14:50:50', 1, '2019-04-19 14:50:50', 0, ''),
(126, 22, 'Library', 1, '2019-04-19 14:50:50', 1, '2019-04-19 14:50:50', 0, ''),
(127, 22, 'Assembly instructions', 1, '2019-04-19 14:50:50', 1, '2019-04-19 14:50:50', 0, ''),
(128, 22, 'None of the above', 1, '2019-04-19 14:50:50', 1, '2019-04-19 14:50:50', 0, ''),
(129, 22, 'System calls', 1, '2019-04-19 14:50:50', 1, '2019-04-19 14:50:50', 0, ''),
(130, 23, 'power failure', 1, '2019-04-19 14:50:50', 1, '2019-04-19 14:50:50', 0, ''),
(131, 23, 'lack of paper in printer', 1, '2019-04-19 14:50:50', 1, '2019-04-19 14:50:50', 0, ''),
(132, 23, 'connection failure in the network', 1, '2019-04-19 14:50:50', 1, '2019-04-19 14:50:50', 0, ''),
(133, 23, 'None of the above', 1, '2019-04-19 14:50:50', 1, '2019-04-19 14:50:50', 0, ''),
(134, 23, 'All of the above', 1, '2019-04-19 14:50:50', 1, '2019-04-19 14:50:50', 0, ''),
(135, 24, 'to provide the interface between the API and application program', 1, '2019-04-19 14:50:50', 1, '2019-04-19 14:50:50', 0, ''),
(136, 24, 'to handle the files in operating system', 1, '2019-04-19 14:50:50', 1, '2019-04-19 14:50:50', 0, ''),
(137, 24, 'None of the above', 1, '2019-04-19 14:50:50', 1, '2019-04-19 14:50:50', 0, ''),
(138, 24, 'All of the above', 1, '2019-04-19 14:50:50', 1, '2019-04-19 14:50:50', 0, ''),
(139, 24, 'to get and execute the next user-specified command', 1, '2019-04-19 14:50:50', 1, '2019-04-19 14:50:50', 0, ''),
(140, 25, 'another running process', 1, '2019-04-19 14:50:50', 1, '2019-04-19 14:50:50', 0, ''),
(141, 25, 'new file', 1, '2019-04-19 14:50:50', 1, '2019-04-19 14:50:50', 0, ''),
(142, 25, 'None of the above', 1, '2019-04-19 14:50:51', 1, '2019-04-19 14:50:51', 0, ''),
(143, 25, 'All of the above', 1, '2019-04-19 14:50:51', 1, '2019-04-19 14:50:51', 0, ''),
(144, 25, 'log file', 1, '2019-04-19 14:50:51', 1, '2019-04-19 14:50:51', 0, ''),
(145, 26, 'Vx Works', 1, '2019-04-19 14:50:51', 1, '2019-04-19 14:50:51', 0, ''),
(146, 26, 'Windows CE', 1, '2019-04-19 14:50:51', 1, '2019-04-19 14:50:51', 0, ''),
(147, 26, 'RT Linux', 1, '2019-04-19 14:50:51', 1, '2019-04-19 14:50:51', 0, ''),
(148, 26, 'Network OS', 1, '2019-04-19 14:50:51', 1, '2019-04-19 14:50:51', 0, ''),
(149, 26, 'Palm OS', 1, '2019-04-19 14:50:51', 1, '2019-04-19 14:50:51', 0, ''),
(150, 27, 'monolithic kernel', 1, '2019-04-19 14:50:51', 1, '2019-04-19 14:50:51', 0, ''),
(151, 27, 'micro kernel', 1, '2019-04-19 14:50:51', 1, '2019-04-19 14:50:51', 0, ''),
(152, 27, 'monolithic kernel with modules', 1, '2019-04-19 14:50:51', 1, '2019-04-19 14:50:51', 0, ''),
(153, 27, 'None of the above', 1, '2019-04-19 14:50:51', 1, '2019-04-19 14:50:51', 0, ''),
(154, 27, 'hybrid kernel', 1, '2019-04-19 14:50:51', 1, '2019-04-19 14:50:51', 0, ''),
(155, 28, 'Code', 1, '2019-04-19 14:50:51', 1, '2019-04-19 14:50:51', 0, ''),
(156, 28, 'Stack', 1, '2019-04-19 14:50:51', 1, '2019-04-19 14:50:51', 0, ''),
(157, 28, 'Data', 1, '2019-04-19 14:50:51', 1, '2019-04-19 14:50:51', 0, ''),
(158, 28, 'Context registers', 1, '2019-04-19 14:50:51', 1, '2019-04-19 14:50:51', 0, ''),
(159, 28, 'None of the above', 1, '2019-04-19 14:50:51', 1, '2019-04-19 14:50:51', 0, ''),
(160, 28, 'Bootstrap program', 1, '2019-04-19 14:50:51', 1, '2019-04-19 14:50:51', 0, ''),
(161, 29, 'Output', 1, '2019-04-19 14:50:51', 1, '2019-04-19 14:50:51', 0, ''),
(162, 29, 'Efficiency', 1, '2019-04-19 14:50:51', 1, '2019-04-19 14:50:51', 0, ''),
(163, 29, 'Capacity', 1, '2019-04-19 14:50:51', 1, '2019-04-19 14:50:51', 0, ''),
(164, 29, 'None of the above', 1, '2019-04-19 14:50:51', 1, '2019-04-19 14:50:51', 0, ''),
(165, 29, 'Throughput', 1, '2019-04-19 14:50:52', 1, '2019-04-19 14:50:52', 0, ''),
(166, 30, 'Process type variable', 1, '2019-04-19 14:50:52', 1, '2019-04-19 14:50:52', 0, ''),
(167, 30, 'A secondary storage section', 1, '2019-04-19 14:50:52', 1, '2019-04-19 14:50:52', 0, ''),
(168, 30, 'A Block in memory', 1, '2019-04-19 14:50:52', 1, '2019-04-19 14:50:52', 0, ''),
(169, 30, 'None of the above', 1, '2019-04-19 14:50:52', 1, '2019-04-19 14:50:52', 0, ''),
(170, 30, 'All of the above', 1, '2019-04-19 14:50:52', 1, '2019-04-19 14:50:52', 0, ''),
(171, 30, 'Data Structure', 1, '2019-04-19 14:50:52', 1, '2019-04-19 14:50:52', 0, ''),
(172, 31, 'the number of processes executed per unit time', 1, '2019-04-19 14:50:52', 1, '2019-04-19 14:50:52', 0, ''),
(173, 31, 'the number of processes in the ready queue', 1, '2019-04-19 14:50:52', 1, '2019-04-19 14:50:52', 0, ''),
(174, 31, 'the number of processes in the I/O queue', 1, '2019-04-19 14:50:52', 1, '2019-04-19 14:50:52', 0, ''),
(175, 31, 'None of the above', 1, '2019-04-19 14:50:52', 1, '2019-04-19 14:50:52', 0, ''),
(176, 31, 'the number of processes in memory', 1, '2019-04-19 14:50:52', 1, '2019-04-19 14:50:52', 0, ''),
(177, 32, 'multiple tasks at a time', 1, '2019-04-19 14:50:52', 1, '2019-04-19 14:50:52', 0, ''),
(178, 32, 'only two tasks at a time', 1, '2019-04-19 14:50:52', 1, '2019-04-19 14:50:52', 0, ''),
(179, 32, 'All of the above', 1, '2019-04-19 14:50:52', 1, '2019-04-19 14:50:52', 0, ''),
(180, 32, 'None of the above', 1, '2019-04-19 14:50:52', 1, '2019-04-19 14:50:52', 0, ''),
(181, 32, 'only one task at a time', 1, '2019-04-19 14:50:52', 1, '2019-04-19 14:50:52', 0, ''),
(182, 33, 'child process', 1, '2019-04-19 14:50:52', 1, '2019-04-19 14:50:52', 0, ''),
(183, 33, 'parent process', 1, '2019-04-19 14:50:52', 1, '2019-04-19 14:50:52', 0, ''),
(184, 33, 'init process', 1, '2019-04-19 14:50:52', 1, '2019-04-19 14:50:52', 0, ''),
(185, 33, 'None of the above', 1, '2019-04-19 14:50:52', 1, '2019-04-19 14:50:52', 0, ''),
(186, 33, 'cooperating process', 1, '2019-04-19 14:50:52', 1, '2019-04-19 14:50:52', 0, ''),
(187, 34, 'dynamic condition', 1, '2019-04-19 14:50:52', 1, '2019-04-19 14:50:52', 0, ''),
(188, 34, 'essential condition', 1, '2019-04-19 14:50:53', 1, '2019-04-19 14:50:53', 0, ''),
(189, 34, 'critical condition', 1, '2019-04-19 14:50:53', 1, '2019-04-19 14:50:53', 0, ''),
(190, 34, 'All of the above', 1, '2019-04-19 14:50:53', 1, '2019-04-19 14:50:53', 0, ''),
(191, 34, 'race condition', 1, '2019-04-19 14:50:53', 1, '2019-04-19 14:50:53', 0, ''),
(192, 35, 'thread', 1, '2019-04-19 14:50:53', 1, '2019-04-19 14:50:53', 0, ''),
(193, 35, 'pipe', 1, '2019-04-19 14:50:53', 1, '2019-04-19 14:50:53', 0, ''),
(194, 35, 'socket', 1, '2019-04-19 14:50:53', 1, '2019-04-19 14:50:53', 0, ''),
(195, 35, 'None of the above', 1, '2019-04-19 14:50:53', 1, '2019-04-19 14:50:53', 0, ''),
(196, 35, 'semaphore', 1, '2019-04-19 14:50:53', 1, '2019-04-19 14:50:53', 0, ''),
(197, 36, 'priority removal', 1, '2019-04-19 14:50:53', 1, '2019-04-19 14:50:53', 0, ''),
(198, 36, 'priority exchange', 1, '2019-04-19 14:50:53', 1, '2019-04-19 14:50:53', 0, ''),
(199, 36, 'priority modification', 1, '2019-04-19 14:50:53', 1, '2019-04-19 14:50:53', 0, ''),
(200, 36, 'All of the above', 1, '2019-04-19 14:50:53', 1, '2019-04-19 14:50:53', 0, ''),
(201, 36, 'priority inversion', 1, '2019-04-19 14:50:53', 1, '2019-04-19 14:50:53', 0, ''),
(202, 37, 'condition variables must be used as boolean objects', 1, '2019-04-19 14:50:53', 1, '2019-04-19 14:50:53', 0, ''),
(203, 37, 'semaphore must be used', 1, '2019-04-19 14:50:53', 1, '2019-04-19 14:50:53', 0, ''),
(204, 37, 'All of the above', 1, '2019-04-19 14:50:53', 1, '2019-04-19 14:50:53', 0, ''),
(205, 37, 'None of the above', 1, '2019-04-19 14:50:53', 1, '2019-04-19 14:50:53', 0, ''),
(206, 37, 'a condition variable must be declared as condition', 1, '2019-04-19 14:50:53', 1, '2019-04-19 14:50:53', 0, ''),
(207, 38, 'communication within the process', 1, '2019-04-19 14:50:53', 1, '2019-04-19 14:50:53', 0, ''),
(208, 38, 'communication between two threads of same process', 1, '2019-04-19 14:50:53', 1, '2019-04-19 14:50:53', 0, ''),
(209, 38, 'None of the above', 1, '2019-04-19 14:50:53', 1, '2019-04-19 14:50:53', 0, ''),
(210, 38, 'All of the above', 1, '2019-04-19 14:50:53', 1, '2019-04-19 14:50:53', 0, ''),
(211, 38, 'communication between two process', 1, '2019-04-19 14:50:53', 1, '2019-04-19 14:50:53', 0, ''),
(212, 39, 'Function parameters', 1, '2019-04-19 14:50:53', 1, '2019-04-19 14:50:53', 0, ''),
(213, 39, 'Local variables', 1, '2019-04-19 14:50:54', 1, '2019-04-19 14:50:54', 0, ''),
(214, 39, 'Return addresses', 1, '2019-04-19 14:50:54', 1, '2019-04-19 14:50:54', 0, ''),
(215, 39, 'None of the above', 1, '2019-04-19 14:50:54', 1, '2019-04-19 14:50:54', 0, ''),
(216, 39, 'PID of child process', 1, '2019-04-19 14:50:54', 1, '2019-04-19 14:50:54', 0, ''),
(217, 40, 'exit', 1, '2019-04-19 14:50:54', 1, '2019-04-19 14:50:54', 0, ''),
(218, 40, 'fork', 1, '2019-04-19 14:50:54', 1, '2019-04-19 14:50:54', 0, ''),
(219, 40, 'get', 1, '2019-04-19 14:50:54', 1, '2019-04-19 14:50:54', 0, ''),
(220, 40, 'All of the above', 1, '2019-04-19 14:50:54', 1, '2019-04-19 14:50:54', 0, ''),
(221, 40, 'wait', 1, '2019-04-19 14:50:54', 1, '2019-04-19 14:50:54', 0, ''),
(222, 41, 'CPU registers', 1, '2019-04-19 14:50:54', 1, '2019-04-19 14:50:54', 0, ''),
(223, 41, 'Process stack', 1, '2019-04-19 14:50:54', 1, '2019-04-19 14:50:54', 0, ''),
(224, 41, 'Pipe', 1, '2019-04-19 14:50:54', 1, '2019-04-19 14:50:54', 0, ''),
(225, 41, 'None of the above', 1, '2019-04-19 14:50:54', 1, '2019-04-19 14:50:54', 0, ''),
(226, 41, 'Program counter', 1, '2019-04-19 14:50:54', 1, '2019-04-19 14:50:54', 0, ''),
(227, 42, 'Create', 1, '2019-04-19 14:50:54', 1, '2019-04-19 14:50:54', 0, ''),
(228, 42, 'Evaluation', 1, '2019-04-19 14:50:54', 1, '2019-04-19 14:50:54', 0, ''),
(229, 42, 'Pop', 1, '2019-04-19 14:50:54', 1, '2019-04-19 14:50:54', 0, ''),
(230, 42, 'Insert', 1, '2019-04-19 14:50:54', 1, '2019-04-19 14:50:54', 0, ''),
(231, 42, 'None of the above', 1, '2019-04-19 14:50:54', 1, '2019-04-19 14:50:54', 0, ''),
(232, 42, 'Push', 1, '2019-04-19 14:50:54', 1, '2019-04-19 14:50:54', 0, ''),
(233, 43, 'Create', 1, '2019-04-19 14:50:54', 1, '2019-04-19 14:50:54', 0, ''),
(234, 43, 'Push', 1, '2019-04-19 14:50:54', 1, '2019-04-19 14:50:54', 0, ''),
(235, 43, 'Evaluation', 1, '2019-04-19 14:50:55', 1, '2019-04-19 14:50:55', 0, ''),
(236, 43, 'Delete', 1, '2019-04-19 14:50:55', 1, '2019-04-19 14:50:55', 0, ''),
(237, 43, 'None of the above', 1, '2019-04-19 14:50:55', 1, '2019-04-19 14:50:55', 0, ''),
(238, 43, 'Pop', 1, '2019-04-19 14:50:55', 1, '2019-04-19 14:50:55', 0, ''),
(239, 44, 'Empty collection', 1, '2019-04-19 14:50:55', 1, '2019-04-19 14:50:55', 0, ''),
(240, 44, 'Overflow', 1, '2019-04-19 14:50:55', 1, '2019-04-19 14:50:55', 0, ''),
(241, 44, 'Garbage Collection', 1, '2019-04-19 14:50:55', 1, '2019-04-19 14:50:55', 0, ''),
(242, 44, 'All of the above', 1, '2019-04-19 14:50:55', 1, '2019-04-19 14:50:55', 0, ''),
(243, 44, 'Underflow', 1, '2019-04-19 14:50:55', 1, '2019-04-19 14:50:55', 0, ''),
(244, 45, 'A parentheses balancing program', 1, '2019-04-19 14:50:55', 1, '2019-04-19 14:50:55', 0, ''),
(245, 45, 'Tracking of local variables at runtime', 1, '2019-04-19 14:50:55', 1, '2019-04-19 14:50:55', 0, ''),
(246, 45, 'Compiler Syntax Analyzer', 1, '2019-04-19 14:50:55', 1, '2019-04-19 14:50:55', 0, ''),
(247, 45, 'None of the above', 1, '2019-04-19 14:50:55', 1, '2019-04-19 14:50:55', 0, ''),
(248, 45, 'All of the above', 1, '2019-04-19 14:50:55', 1, '2019-04-19 14:50:55', 0, ''),
(249, 46, 'Stack', 1, '2019-04-19 14:50:55', 1, '2019-04-19 14:50:55', 0, ''),
(250, 46, 'Tree', 1, '2019-04-19 14:50:55', 1, '2019-04-19 14:50:55', 0, ''),
(251, 46, 'Linkedlist', 1, '2019-04-19 14:50:55', 1, '2019-04-19 14:50:55', 0, ''),
(252, 46, 'Array', 1, '2019-04-19 14:50:55', 1, '2019-04-19 14:50:55', 0, ''),
(253, 46, 'List', 1, '2019-04-19 14:50:55', 1, '2019-04-19 14:50:55', 0, ''),
(254, 46, 'Queue', 1, '2019-04-19 14:50:55', 1, '2019-04-19 14:50:55', 0, ''),
(255, 47, 'Stack', 1, '2019-04-19 14:50:55', 1, '2019-04-19 14:50:55', 0, ''),
(256, 47, 'Array', 1, '2019-04-19 14:50:55', 1, '2019-04-19 14:50:55', 0, ''),
(257, 47, 'Tree', 1, '2019-04-19 14:50:55', 1, '2019-04-19 14:50:55', 0, ''),
(258, 47, 'None of the above', 1, '2019-04-19 14:50:56', 1, '2019-04-19 14:50:56', 0, ''),
(259, 47, 'Queue', 1, '2019-04-19 14:50:56', 1, '2019-04-19 14:50:56', 0, ''),
(260, 48, 'LIFO (Last In First Out) list', 1, '2019-04-19 14:50:56', 1, '2019-04-19 14:50:56', 0, ''),
(261, 48, 'Ordered array', 1, '2019-04-19 14:50:56', 1, '2019-04-19 14:50:56', 0, ''),
(262, 48, 'Linear tree', 1, '2019-04-19 14:50:56', 1, '2019-04-19 14:50:56', 0, ''),
(263, 48, 'Unordered array', 1, '2019-04-19 14:50:56', 1, '2019-04-19 14:50:56', 0, ''),
(264, 48, 'FIFO (First In First Out) list', 1, '2019-04-19 14:50:56', 1, '2019-04-19 14:50:56', 0, ''),
(265, 49, 'Front=(rear+1)modMAX_SIZE', 1, '2019-04-19 14:50:56', 1, '2019-04-19 14:50:56', 0, ''),
(266, 49, 'Front=rear+1', 1, '2019-04-19 14:50:56', 1, '2019-04-19 14:50:56', 0, ''),
(267, 49, 'Rear=front', 1, '2019-04-19 14:50:56', 1, '2019-04-19 14:50:56', 0, ''),
(268, 49, 'None of the above', 1, '2019-04-19 14:50:56', 1, '2019-04-19 14:50:56', 0, ''),
(269, 49, 'All of the above', 1, '2019-04-19 14:50:56', 1, '2019-04-19 14:50:56', 0, ''),
(270, 49, 'Rear = MAX_SIZE â?? 1', 1, '2019-04-19 14:50:56', 1, '2019-04-19 14:50:56', 0, ''),
(271, 50, 'BCDA', 1, '2019-04-19 14:50:56', 1, '2019-04-19 14:50:56', 0, ''),
(272, 50, 'CBAD', 1, '2019-04-19 14:50:56', 1, '2019-04-19 14:50:56', 0, ''),
(273, 50, 'DCBA', 1, '2019-04-19 14:50:56', 1, '2019-04-19 14:50:56', 0, ''),
(274, 50, 'DCAB', 1, '2019-04-19 14:50:56', 1, '2019-04-19 14:50:56', 0, ''),
(275, 50, 'ABDC', 1, '2019-04-19 14:50:56', 1, '2019-04-19 14:50:56', 0, ''),
(276, 50, 'ABCD', 1, '2019-04-19 14:50:56', 1, '2019-04-19 14:50:56', 0, ''),
(277, 51, 'Node list', 1, '2019-04-19 14:50:56', 1, '2019-04-19 14:50:56', 0, ''),
(278, 51, 'Primitive list', 1, '2019-04-19 14:50:56', 1, '2019-04-19 14:50:56', 0, ''),
(279, 51, 'Stack', 1, '2019-04-19 14:50:57', 1, '2019-04-19 14:50:57', 0, ''),
(280, 51, 'Queue', 1, '2019-04-19 14:50:57', 1, '2019-04-19 14:50:57', 0, ''),
(281, 51, 'All of the above', 1, '2019-04-19 14:50:57', 1, '2019-04-19 14:50:57', 0, ''),
(282, 51, 'None of the above', 1, '2019-04-19 14:50:57', 1, '2019-04-19 14:50:57', 0, ''),
(283, 51, 'Linked list', 1, '2019-04-19 14:50:57', 1, '2019-04-19 14:50:57', 0, ''),
(284, 52, 'Pointer to character', 1, '2019-04-19 14:50:57', 1, '2019-04-19 14:50:57', 0, ''),
(285, 52, 'Pointer to integer', 1, '2019-04-19 14:50:57', 1, '2019-04-19 14:50:57', 0, ''),
(286, 52, 'Node', 1, '2019-04-19 14:50:57', 1, '2019-04-19 14:50:57', 0, ''),
(287, 52, 'Pointer to character', 1, '2019-04-19 14:50:57', 1, '2019-04-19 14:50:57', 0, ''),
(288, 52, 'Pointer to float', 1, '2019-04-19 14:50:57', 1, '2019-04-19 14:50:57', 0, ''),
(289, 52, 'Pointer to node', 1, '2019-04-19 14:50:57', 1, '2019-04-19 14:50:57', 0, ''),
(290, 53, 'Static', 1, '2019-04-19 14:50:57', 1, '2019-04-19 14:50:57', 0, ''),
(291, 53, 'Compile time', 1, '2019-04-19 14:50:57', 1, '2019-04-19 14:50:57', 0, ''),
(292, 53, 'None of the above', 1, '2019-04-19 14:50:57', 1, '2019-04-19 14:50:57', 0, ''),
(293, 53, 'All of the above', 1, '2019-04-19 14:50:57', 1, '2019-04-19 14:50:57', 0, ''),
(294, 53, 'Dynamic', 1, '2019-04-19 14:50:57', 1, '2019-04-19 14:50:57', 0, ''),
(295, 54, 'O(1)', 1, '2019-04-19 14:50:57', 1, '2019-04-19 14:50:57', 0, ''),
(296, 54, 'O(n^2)', 1, '2019-04-19 14:50:57', 1, '2019-04-19 14:50:57', 0, ''),
(297, 54, 'O(logn)', 1, '2019-04-19 14:50:57', 1, '2019-04-19 14:50:57', 0, ''),
(298, 54, 'None of the above', 1, '2019-04-19 14:50:57', 1, '2019-04-19 14:50:57', 0, ''),
(299, 54, 'O(n)', 1, '2019-04-19 14:50:57', 1, '2019-04-19 14:50:57', 0, ''),
(300, 55, 'O(n)', 1, '2019-04-19 14:50:57', 1, '2019-04-19 14:50:57', 0, ''),
(301, 55, 'O(n^2)', 1, '2019-04-19 14:50:58', 1, '2019-04-19 14:50:58', 0, ''),
(302, 55, 'O(logn)', 1, '2019-04-19 14:50:58', 1, '2019-04-19 14:50:58', 0, ''),
(303, 55, 'None of the above', 1, '2019-04-19 14:50:58', 1, '2019-04-19 14:50:58', 0, ''),
(304, 55, 'O(1)', 1, '2019-04-19 14:50:58', 1, '2019-04-19 14:50:58', 0, ''),
(305, 56, '15', 1, '2019-04-19 14:50:58', 1, '2019-04-19 14:50:58', 0, ''),
(306, 56, '13', 1, '2019-04-19 14:50:58', 1, '2019-04-19 14:50:58', 0, ''),
(307, 56, '1', 1, '2019-04-19 14:50:58', 1, '2019-04-19 14:50:58', 0, ''),
(308, 56, '11', 1, '2019-04-19 14:50:58', 1, '2019-04-19 14:50:58', 0, ''),
(309, 56, '5', 1, '2019-04-19 14:50:58', 1, '2019-04-19 14:50:58', 0, ''),
(310, 56, '3', 1, '2019-04-19 14:50:58', 1, '2019-04-19 14:50:58', 0, ''),
(311, 57, 'O(nlogn)', 1, '2019-04-19 14:50:58', 1, '2019-04-19 14:50:58', 0, ''),
(312, 57, 'O(logn)', 1, '2019-04-19 14:50:58', 1, '2019-04-19 14:50:58', 0, ''),
(313, 57, 'O(n)', 1, '2019-04-19 14:50:58', 1, '2019-04-19 14:50:58', 0, ''),
(314, 57, 'None of the above', 1, '2019-04-19 14:50:58', 1, '2019-04-19 14:50:58', 0, ''),
(315, 57, 'O(n2)', 1, '2019-04-19 14:50:58', 1, '2019-04-19 14:50:58', 0, ''),
(316, 58, 'It requires auxiliary memory', 1, '2019-04-19 14:50:58', 1, '2019-04-19 14:50:58', 0, ''),
(317, 58, 'It can be used for small keys', 1, '2019-04-19 14:50:58', 1, '2019-04-19 14:50:58', 0, ''),
(318, 58, 'All of the above', 1, '2019-04-19 14:50:58', 1, '2019-04-19 14:50:58', 0, ''),
(319, 58, 'None of the above', 1, '2019-04-19 14:50:58', 1, '2019-04-19 14:50:58', 0, ''),
(320, 58, 'It is not scalable', 1, '2019-04-19 14:50:58', 1, '2019-04-19 14:50:58', 0, ''),
(321, 59, 'FIFO(FirstInFirstOut)list', 1, '2019-04-19 14:50:58', 1, '2019-04-19 14:50:58', 0, ''),
(322, 59, 'Ordered array', 1, '2019-04-19 14:50:58', 1, '2019-04-19 14:50:58', 0, ''),
(323, 59, 'Linear tree', 1, '2019-04-19 14:50:58', 1, '2019-04-19 14:50:58', 0, ''),
(324, 59, 'Unordered array', 1, '2019-04-19 14:50:59', 1, '2019-04-19 14:50:59', 0, ''),
(325, 59, 'LIFO (Last In First Out) list', 1, '2019-04-19 14:50:59', 1, '2019-04-19 14:50:59', 0, ''),
(326, 60, 'O(nlogn)', 1, '2019-04-19 14:50:59', 1, '2019-04-19 14:50:59', 0, ''),
(327, 60, 'O(logn)', 1, '2019-04-19 14:50:59', 1, '2019-04-19 14:50:59', 0, ''),
(328, 60, 'O(n)', 1, '2019-04-19 14:50:59', 1, '2019-04-19 14:50:59', 0, ''),
(329, 60, 'None of the above', 1, '2019-04-19 14:50:59', 1, '2019-04-19 14:50:59', 0, ''),
(330, 60, 'O(n2)', 1, '2019-04-19 14:50:59', 1, '2019-04-19 14:50:59', 0, ''),
(331, 61, 'Brute Force technique', 1, '2019-04-19 14:50:59', 1, '2019-04-19 14:50:59', 0, ''),
(332, 61, 'Greedy algorithm', 1, '2019-04-19 14:50:59', 1, '2019-04-19 14:50:59', 0, ''),
(333, 61, 'Dynamic programming', 1, '2019-04-19 14:50:59', 1, '2019-04-19 14:50:59', 0, ''),
(334, 61, 'None of the above', 1, '2019-04-19 14:50:59', 1, '2019-04-19 14:50:59', 0, ''),
(335, 61, 'Divide and conquer', 1, '2019-04-19 14:50:59', 1, '2019-04-19 14:50:59', 0, ''),
(336, 62, 'Larger instances of different problems', 1, '2019-04-19 14:50:59', 1, '2019-04-19 14:50:59', 0, ''),
(337, 62, 'Larger instances of the same problem', 1, '2019-04-19 14:50:59', 1, '2019-04-19 14:50:59', 0, ''),
(338, 62, 'Smaller instances of different problems', 1, '2019-04-19 14:50:59', 1, '2019-04-19 14:50:59', 0, ''),
(339, 62, 'All of the above', 1, '2019-04-19 14:50:59', 1, '2019-04-19 14:50:59', 0, ''),
(340, 62, 'None of the above', 1, '2019-04-19 14:50:59', 1, '2019-04-19 14:50:59', 0, ''),
(341, 62, 'Smaller instances of the same problem', 1, '2019-04-19 14:50:59', 1, '2019-04-19 14:50:59', 0, ''),
(342, 63, 'You cannot have the â??nextâ?? pointer point to null in a circular linked list', 1, '2019-04-19 14:50:59', 1, '2019-04-19 14:50:59', 0, ''),
(343, 63, 'It is faster to traverse the circular linked list', 1, '2019-04-19 14:50:59', 1, '2019-04-19 14:50:59', 0, ''),
(344, 63, 'All of the above', 1, '2019-04-19 14:50:59', 1, '2019-04-19 14:50:59', 0, ''),
(345, 63, 'None of the above', 1, '2019-04-19 14:50:59', 1, '2019-04-19 14:50:59', 0, ''),
(346, 63, 'You may or may not have the â??nextâ?? pointer point to null in a circular linke', 1, '2019-04-19 14:50:59', 1, '2019-04-19 14:50:59', 0, ''),
(347, 63, 'd list', 1, '2019-04-19 14:51:00', 1, '2019-04-19 14:51:00', 0, ''),
(348, 64, 'O(nlogn)', 1, '2019-04-19 14:51:00', 1, '2019-04-19 14:51:00', 0, ''),
(349, 64, 'O(n2)', 1, '2019-04-19 14:51:00', 1, '2019-04-19 14:51:00', 0, ''),
(350, 64, 'O(1)', 1, '2019-04-19 14:51:00', 1, '2019-04-19 14:51:00', 0, ''),
(351, 64, 'None of the above', 1, '2019-04-19 14:51:00', 1, '2019-04-19 14:51:00', 0, ''),
(352, 64, 'O(n)', 1, '2019-04-19 14:51:00', 1, '2019-04-19 14:51:00', 0, ''),
(353, 65, 'Array', 1, '2019-04-19 14:51:00', 1, '2019-04-19 14:51:00', 0, ''),
(354, 65, 'List', 1, '2019-04-19 14:51:00', 1, '2019-04-19 14:51:00', 0, ''),
(355, 65, 'Heap', 1, '2019-04-19 14:51:00', 1, '2019-04-19 14:51:00', 0, ''),
(356, 65, 'None of the above', 1, '2019-04-19 14:51:00', 1, '2019-04-19 14:51:00', 0, ''),
(357, 65, 'All of the above', 1, '2019-04-19 14:51:00', 1, '2019-04-19 14:51:00', 0, ''),
(358, 66, 'Huffman codes', 1, '2019-04-19 14:51:00', 1, '2019-04-19 14:51:00', 0, ''),
(359, 66, 'Interrupt handling in operating system', 1, '2019-04-19 14:51:00', 1, '2019-04-19 14:51:00', 0, ''),
(360, 66, 'Bayesian spam filter', 1, '2019-04-19 14:51:00', 1, '2019-04-19 14:51:00', 0, ''),
(361, 66, 'None of the above', 1, '2019-04-19 14:51:00', 1, '2019-04-19 14:51:00', 0, ''),
(362, 66, 'All of the above', 1, '2019-04-19 14:51:00', 1, '2019-04-19 14:51:00', 0, ''),
(363, 66, 'Undo operation in text editors', 1, '2019-04-19 14:51:00', 1, '2019-04-19 14:51:00', 0, ''),
(364, 67, 'O(nlogn)', 1, '2019-04-19 14:51:00', 1, '2019-04-19 14:51:00', 0, ''),
(365, 67, 'O(logn)', 1, '2019-04-19 14:51:00', 1, '2019-04-19 14:51:00', 0, ''),
(366, 67, 'O(n2)', 1, '2019-04-19 14:51:00', 1, '2019-04-19 14:51:00', 0, ''),
(367, 67, 'None of the above', 1, '2019-04-19 14:51:00', 1, '2019-04-19 14:51:00', 0, ''),
(368, 67, 'All of the above', 1, '2019-04-19 14:51:00', 1, '2019-04-19 14:51:00', 0, ''),
(369, 67, 'O(n)', 1, '2019-04-19 14:51:01', 1, '2019-04-19 14:51:01', 0, ''),
(370, 68, 'Easy to implement', 1, '2019-04-19 14:51:01', 1, '2019-04-19 14:51:01', 0, ''),
(371, 68, 'Processes with different priority can be efficiently handled', 1, '2019-04-19 14:51:01', 1, '2019-04-19 14:51:01', 0, ''),
(372, 68, 'Applications with differing requirements', 1, '2019-04-19 14:51:01', 1, '2019-04-19 14:51:01', 0, ''),
(373, 68, 'None of the above', 1, '2019-04-19 14:51:01', 1, '2019-04-19 14:51:01', 0, ''),
(374, 68, 'All of the above', 1, '2019-04-19 14:51:01', 1, '2019-04-19 14:51:01', 0, ''),
(375, 69, 'Tree', 1, '2019-04-19 14:51:01', 1, '2019-04-19 14:51:01', 0, ''),
(376, 69, 'Heap', 1, '2019-04-19 14:51:01', 1, '2019-04-19 14:51:01', 0, ''),
(377, 69, 'Priority queue', 1, '2019-04-19 14:51:01', 1, '2019-04-19 14:51:01', 0, ''),
(378, 69, 'All of the above', 1, '2019-04-19 14:51:01', 1, '2019-04-19 14:51:01', 0, ''),
(379, 69, 'None of the above', 1, '2019-04-19 14:51:01', 1, '2019-04-19 14:51:01', 0, ''),
(380, 69, 'Stack', 1, '2019-04-19 14:51:01', 1, '2019-04-19 14:51:01', 0, '');

-- --------------------------------------------------------

--
-- Table structure for table `option_correct_answer`
--

CREATE TABLE `option_correct_answer` (
  `question_id` int(11) NOT NULL,
  `option_id` int(11) NOT NULL,
  `created_by` int(11) NOT NULL,
  `created_at` timestamp NOT NULL DEFAULT CURRENT_TIMESTAMP,
  `updated_by` int(11) NOT NULL,
  `updated_at` timestamp NOT NULL DEFAULT CURRENT_TIMESTAMP,
  `deleted` tinyint(4) NOT NULL DEFAULT '0',
  `additional_description` varchar(255) DEFAULT NULL
) ENGINE=InnoDB DEFAULT CHARSET=latin1;

--
-- Dumping data for table `option_correct_answer`
--

INSERT INTO `option_correct_answer` (`question_id`, `option_id`, `created_by`, `created_at`, `updated_by`, `updated_at`, `deleted`, `additional_description`) VALUES
(1, 5, 1, '2019-04-19 14:57:38', 1, '2019-04-19 14:57:38', 0, ''),
(2, 12, 1, '2019-04-19 14:57:39', 1, '2019-04-19 14:57:39', 0, ''),
(3, 18, 1, '2019-04-19 14:57:39', 1, '2019-04-19 14:57:39', 0, ''),
(4, 24, 1, '2019-04-19 14:57:39', 1, '2019-04-19 14:57:39', 0, ''),
(5, 29, 1, '2019-04-19 14:57:39', 1, '2019-04-19 14:57:39', 0, ''),
(6, 36, 1, '2019-04-19 14:57:39', 1, '2019-04-19 14:57:39', 0, ''),
(7, 41, 1, '2019-04-19 14:57:39', 1, '2019-04-19 14:57:39', 0, ''),
(8, 46, 1, '2019-04-19 14:57:39', 1, '2019-04-19 14:57:39', 0, ''),
(9, 52, 1, '2019-04-19 14:57:39', 1, '2019-04-19 14:57:39', 0, ''),
(10, 57, 1, '2019-04-19 14:57:39', 1, '2019-04-19 14:57:39', 0, ''),
(11, 62, 1, '2019-04-19 14:57:39', 1, '2019-04-19 14:57:39', 0, ''),
(12, 68, 1, '2019-04-19 14:57:39', 1, '2019-04-19 14:57:39', 0, ''),
(13, 74, 1, '2019-04-19 14:57:39', 1, '2019-04-19 14:57:39', 0, ''),
(14, 75, 1, '2019-04-19 14:57:39', 1, '2019-04-19 14:57:39', 0, ''),
(15, 86, 1, '2019-04-19 14:57:39', 1, '2019-04-19 14:57:39', 0, ''),
(16, 94, 1, '2019-04-19 14:57:39', 1, '2019-04-19 14:57:39', 0, ''),
(17, 100, 1, '2019-04-19 14:57:39', 1, '2019-04-19 14:57:39', 0, ''),
(18, 101, 1, '2019-04-19 14:57:39', 1, '2019-04-19 14:57:39', 0, ''),
(19, 111, 1, '2019-04-19 14:57:39', 1, '2019-04-19 14:57:39', 0, ''),
(20, 119, 1, '2019-04-19 14:57:39', 1, '2019-04-19 14:57:39', 0, ''),
(21, 124, 1, '2019-04-19 14:57:39', 1, '2019-04-19 14:57:39', 0, ''),
(22, 129, 1, '2019-04-19 14:57:39', 1, '2019-04-19 14:57:39', 0, ''),
(23, 134, 1, '2019-04-19 14:57:39', 1, '2019-04-19 14:57:39', 0, ''),
(24, 139, 1, '2019-04-19 14:57:40', 1, '2019-04-19 14:57:40', 0, ''),
(25, 144, 1, '2019-04-19 14:57:40', 1, '2019-04-19 14:57:40', 0, ''),
(26, 149, 1, '2019-04-19 14:57:40', 1, '2019-04-19 14:57:40', 0, ''),
(27, 154, 1, '2019-04-19 14:57:40', 1, '2019-04-19 14:57:40', 0, ''),
(28, 160, 1, '2019-04-19 14:57:40', 1, '2019-04-19 14:57:40', 0, ''),
(29, 165, 1, '2019-04-19 14:57:40', 1, '2019-04-19 14:57:40', 0, ''),
(30, 171, 1, '2019-04-19 14:57:40', 1, '2019-04-19 14:57:40', 0, ''),
(31, 176, 1, '2019-04-19 14:57:40', 1, '2019-04-19 14:57:40', 0, ''),
(32, 181, 1, '2019-04-19 14:57:40', 1, '2019-04-19 14:57:40', 0, ''),
(33, 186, 1, '2019-04-19 14:57:40', 1, '2019-04-19 14:57:40', 0, ''),
(34, 191, 1, '2019-04-19 14:57:40', 1, '2019-04-19 14:57:40', 0, ''),
(35, 196, 1, '2019-04-19 14:57:40', 1, '2019-04-19 14:57:40', 0, ''),
(36, 201, 1, '2019-04-19 14:57:40', 1, '2019-04-19 14:57:40', 0, ''),
(37, 206, 1, '2019-04-19 14:57:40', 1, '2019-04-19 14:57:40', 0, ''),
(38, 211, 1, '2019-04-19 14:57:40', 1, '2019-04-19 14:57:40', 0, ''),
(39, 216, 1, '2019-04-19 14:57:40', 1, '2019-04-19 14:57:40', 0, ''),
(40, 221, 1, '2019-04-19 14:57:40', 1, '2019-04-19 14:57:40', 0, ''),
(41, 226, 1, '2019-04-19 14:57:40', 1, '2019-04-19 14:57:40', 0, ''),
(42, 232, 1, '2019-04-19 14:57:40', 1, '2019-04-19 14:57:40', 0, ''),
(43, 238, 1, '2019-04-19 14:57:40', 1, '2019-04-19 14:57:40', 0, ''),
(44, 243, 1, '2019-04-19 14:57:40', 1, '2019-04-19 14:57:40', 0, ''),
(45, 248, 1, '2019-04-19 14:57:40', 1, '2019-04-19 14:57:40', 0, ''),
(46, 254, 1, '2019-04-19 14:57:40', 1, '2019-04-19 14:57:40', 0, ''),
(47, 259, 1, '2019-04-19 14:57:41', 1, '2019-04-19 14:57:41', 0, ''),
(48, 264, 1, '2019-04-19 14:57:41', 1, '2019-04-19 14:57:41', 0, ''),
(49, 270, 1, '2019-04-19 14:57:41', 1, '2019-04-19 14:57:41', 0, ''),
(50, 276, 1, '2019-04-19 14:57:41', 1, '2019-04-19 14:57:41', 0, ''),
(51, 283, 1, '2019-04-19 14:57:41', 1, '2019-04-19 14:57:41', 0, ''),
(52, 289, 1, '2019-04-19 14:57:41', 1, '2019-04-19 14:57:41', 0, ''),
(53, 294, 1, '2019-04-19 14:57:41', 1, '2019-04-19 14:57:41', 0, ''),
(54, 299, 1, '2019-04-19 14:57:41', 1, '2019-04-19 14:57:41', 0, ''),
(55, 304, 1, '2019-04-19 14:57:41', 1, '2019-04-19 14:57:41', 0, ''),
(56, 310, 1, '2019-04-19 14:57:41', 1, '2019-04-19 14:57:41', 0, ''),
(57, 315, 1, '2019-04-19 14:57:41', 1, '2019-04-19 14:57:41', 0, ''),
(58, 320, 1, '2019-04-19 14:57:41', 1, '2019-04-19 14:57:41', 0, ''),
(59, 325, 1, '2019-04-19 14:57:41', 1, '2019-04-19 14:57:41', 0, ''),
(60, 330, 1, '2019-04-19 14:57:41', 1, '2019-04-19 14:57:41', 0, ''),
(61, 335, 1, '2019-04-19 14:57:41', 1, '2019-04-19 14:57:41', 0, ''),
(62, 341, 1, '2019-04-19 14:57:41', 1, '2019-04-19 14:57:41', 0, ''),
(63, 346, 1, '2019-04-19 14:57:41', 1, '2019-04-19 14:57:41', 0, ''),
(64, 352, 1, '2019-04-19 14:57:41', 1, '2019-04-19 14:57:41', 0, ''),
(65, 357, 1, '2019-04-19 14:57:41', 1, '2019-04-19 14:57:41', 0, ''),
(66, 363, 1, '2019-04-19 14:57:41', 1, '2019-04-19 14:57:41', 0, ''),
(67, 369, 1, '2019-04-19 14:57:41', 1, '2019-04-19 14:57:41', 0, ''),
(68, 374, 1, '2019-04-19 14:57:41', 1, '2019-04-19 14:57:41', 0, ''),
(69, 380, 1, '2019-04-19 14:57:42', 1, '2019-04-19 14:57:42', 0, '');

-- --------------------------------------------------------

--
-- Table structure for table `parent`
--

CREATE TABLE `parent` (
  `parent_id` int(11) NOT NULL,
  `user_id` int(11) NOT NULL,
  `created_by` int(11) NOT NULL,
  `created_at` timestamp NOT NULL DEFAULT CURRENT_TIMESTAMP,
  `updated_by` int(11) NOT NULL,
  `updated_at` timestamp NOT NULL DEFAULT CURRENT_TIMESTAMP,
  `deleted` tinyint(4) NOT NULL DEFAULT '0',
  `additional_description` varchar(255) DEFAULT NULL
) ENGINE=InnoDB DEFAULT CHARSET=latin1;

--
-- Dumping data for table `parent`
--

INSERT INTO `parent` (`parent_id`, `user_id`, `created_by`, `created_at`, `updated_by`, `updated_at`, `deleted`, `additional_description`) VALUES
(1, 61, 1, '2019-04-18 15:24:39', 1, '2019-04-18 15:24:39', 0, ''),
(2, 62, 1, '2019-04-18 15:24:39', 1, '2019-04-18 15:24:39', 0, ''),
(3, 63, 1, '2019-04-18 15:24:39', 1, '2019-04-18 15:24:39', 0, ''),
(4, 64, 1, '2019-04-18 15:24:39', 1, '2019-04-18 15:24:39', 0, ''),
(5, 65, 1, '2019-04-18 15:24:39', 1, '2019-04-18 15:24:39', 0, ''),
(6, 66, 1, '2019-04-18 15:24:39', 1, '2019-04-18 15:24:39', 0, ''),
(7, 67, 1, '2019-04-18 15:24:39', 1, '2019-04-18 15:24:39', 0, ''),
(8, 68, 1, '2019-04-18 15:24:39', 1, '2019-04-18 15:24:39', 0, ''),
(9, 69, 1, '2019-04-18 15:24:39', 1, '2019-04-18 15:24:39', 0, ''),
(10, 70, 1, '2019-04-18 15:24:39', 1, '2019-04-18 15:24:39', 0, ''),
(11, 71, 1, '2019-04-18 15:24:39', 1, '2019-04-18 15:24:39', 0, ''),
(12, 72, 1, '2019-04-18 15:24:39', 1, '2019-04-18 15:24:39', 0, ''),
(13, 73, 1, '2019-04-18 15:24:39', 1, '2019-04-18 15:24:39', 0, ''),
(14, 74, 1, '2019-04-18 15:24:39', 1, '2019-04-18 15:24:39', 0, ''),
(15, 75, 1, '2019-04-18 15:24:39', 1, '2019-04-18 15:24:39', 0, ''),
(16, 76, 1, '2019-04-18 15:24:39', 1, '2019-04-18 15:24:39', 0, ''),
(17, 77, 1, '2019-04-18 15:24:39', 1, '2019-04-18 15:24:39', 0, ''),
(18, 78, 1, '2019-04-18 15:24:39', 1, '2019-04-18 15:24:39', 0, ''),
(19, 79, 1, '2019-04-18 15:24:39', 1, '2019-04-18 15:24:39', 0, ''),
(20, 80, 1, '2019-04-18 15:24:39', 1, '2019-04-18 15:24:39', 0, ''),
(21, 81, 1, '2019-04-18 15:24:39', 1, '2019-04-18 15:24:39', 0, ''),
(22, 82, 1, '2019-04-18 15:24:39', 1, '2019-04-18 15:24:39', 0, ''),
(23, 83, 1, '2019-04-18 15:24:39', 1, '2019-04-18 15:24:39', 0, ''),
(24, 84, 1, '2019-04-18 15:24:39', 1, '2019-04-18 15:24:39', 0, ''),
(25, 85, 1, '2019-04-18 15:24:39', 1, '2019-04-18 15:24:39', 0, ''),
(26, 86, 1, '2019-04-18 15:24:39', 1, '2019-04-18 15:24:39', 0, ''),
(27, 87, 1, '2019-04-18 15:24:39', 1, '2019-04-18 15:24:39', 0, ''),
(28, 88, 1, '2019-04-18 15:24:39', 1, '2019-04-18 15:24:39', 0, ''),
(29, 89, 1, '2019-04-18 15:24:39', 1, '2019-04-18 15:24:39', 0, ''),
(30, 90, 1, '2019-04-18 15:24:39', 1, '2019-04-18 15:24:39', 0, '');

-- --------------------------------------------------------

--
-- Table structure for table `parent_student`
--

CREATE TABLE `parent_student` (
  `parent_id` int(11) NOT NULL,
  `student_id` int(11) NOT NULL,
  `created_by` int(11) NOT NULL,
  `created_at` timestamp NOT NULL DEFAULT CURRENT_TIMESTAMP,
  `updated_by` int(11) NOT NULL,
  `updated_at` timestamp NOT NULL DEFAULT CURRENT_TIMESTAMP
) ENGINE=InnoDB DEFAULT CHARSET=latin1;

--
-- Dumping data for table `parent_student`
--

INSERT INTO `parent_student` (`parent_id`, `student_id`, `created_by`, `created_at`, `updated_by`, `updated_at`) VALUES
(1, 1, 1, '2019-04-22 07:50:42', 1, '2019-04-22 07:50:42'),
(2, 2, 1, '2019-04-22 07:50:42', 1, '2019-04-22 07:50:42'),
(3, 3, 1, '2019-04-22 07:50:42', 1, '2019-04-22 07:50:42'),
(4, 4, 1, '2019-04-22 07:50:42', 1, '2019-04-22 07:50:42'),
(5, 5, 1, '2019-04-22 07:50:43', 1, '2019-04-22 07:50:43'),
(6, 6, 1, '2019-04-22 07:50:43', 1, '2019-04-22 07:50:43'),
(7, 7, 1, '2019-04-22 07:50:43', 1, '2019-04-22 07:50:43'),
(8, 8, 1, '2019-04-22 07:50:43', 1, '2019-04-22 07:50:43'),
(9, 9, 1, '2019-04-22 07:50:43', 1, '2019-04-22 07:50:43'),
(10, 10, 1, '2019-04-22 07:50:43', 1, '2019-04-22 07:50:43'),
(11, 11, 1, '2019-04-22 07:50:43', 1, '2019-04-22 07:50:43'),
(12, 12, 1, '2019-04-22 07:50:43', 1, '2019-04-22 07:50:43'),
(13, 13, 1, '2019-04-22 07:50:43', 1, '2019-04-22 07:50:43'),
(14, 14, 1, '2019-04-22 07:50:43', 1, '2019-04-22 07:50:43'),
(15, 15, 1, '2019-04-22 07:50:43', 1, '2019-04-22 07:50:43'),
(16, 16, 1, '2019-04-22 07:50:43', 1, '2019-04-22 07:50:43'),
(17, 17, 1, '2019-04-22 07:50:43', 1, '2019-04-22 07:50:43'),
(18, 18, 1, '2019-04-22 07:50:43', 1, '2019-04-22 07:50:43'),
(19, 19, 1, '2019-04-22 07:50:43', 1, '2019-04-22 07:50:43'),
(20, 20, 1, '2019-04-22 07:50:43', 1, '2019-04-22 07:50:43'),
(21, 21, 1, '2019-04-22 07:50:43', 1, '2019-04-22 07:50:43'),
(22, 22, 1, '2019-04-22 07:50:43', 1, '2019-04-22 07:50:43'),
(23, 23, 1, '2019-04-22 07:50:44', 1, '2019-04-22 07:50:44'),
(24, 24, 1, '2019-04-22 07:50:44', 1, '2019-04-22 07:50:44'),
(25, 25, 1, '2019-04-22 07:50:44', 1, '2019-04-22 07:50:44'),
(26, 26, 1, '2019-04-22 07:50:44', 1, '2019-04-22 07:50:44'),
(27, 27, 1, '2019-04-22 07:50:44', 1, '2019-04-22 07:50:44'),
(28, 28, 1, '2019-04-22 07:50:44', 1, '2019-04-22 07:50:44'),
(29, 29, 1, '2019-04-22 07:50:44', 1, '2019-04-22 07:50:44'),
(30, 30, 1, '2019-04-22 07:50:44', 1, '2019-04-22 07:50:44');

-- --------------------------------------------------------

--
-- Table structure for table `person`
--

CREATE TABLE `person` (
  `person_id` int(11) NOT NULL,
  `first_name` varchar(255) NOT NULL,
  `last_name` varchar(255) NOT NULL,
  `address` varchar(255) NOT NULL,
  `email` varchar(255) NOT NULL,
  `contact` varchar(255) NOT NULL,
  `image` varchar(255) NOT NULL,
  `about_me` varchar(255) NOT NULL,
  `created_by` int(11) NOT NULL,
  `created_at` timestamp NOT NULL DEFAULT CURRENT_TIMESTAMP,
  `updated_by` int(11) NOT NULL,
  `updated_at` timestamp NOT NULL DEFAULT CURRENT_TIMESTAMP,
  `deleted` tinyint(4) NOT NULL DEFAULT '0',
  `additional_description` varchar(255) DEFAULT NULL
) ENGINE=InnoDB DEFAULT CHARSET=latin1;

--
-- Dumping data for table `person`
--

INSERT INTO `person` (`person_id`, `first_name`, `last_name`, `address`, `email`, `contact`, `image`, `about_me`, `created_by`, `created_at`, `updated_by`, `updated_at`, `deleted`, `additional_description`) VALUES
(1, 'sakshi', 'sheth', 'Mulund', 'sakshisheth1111@gmail.com', '91-209-543-6287', '', '', 1, '2019-04-18 13:56:02', 1, '2019-04-18 13:56:02', 0, ''),
(2, 'Kaitlin', 'Valencia', 'Moradabad', 'natoque.penatibus@mauris.co.uk', '91-928-457-8982', '', '', 1, '2019-04-18 13:56:02', 1, '2019-04-18 13:56:02', 0, ''),
(3, 'Dillon', 'Ashley', 'Goslar', 'a.ultricies.adipiscing@ligula.org', '91-591-755-1558', '', '', 1, '2019-04-18 13:56:02', 1, '2019-04-18 13:56:02', 0, ''),
(4, 'Alvin', 'Kim', 'Duncan', 'metus.facilisis.lorem@justositamet.ca', '91-860-842-8505', '', '', 1, '2019-04-18 13:56:02', 1, '2019-04-18 13:56:02', 0, ''),
(5, 'Isabelle', 'Obrien', 'Glastonbury', 'aliquet@ligulaconsectetuer.org', '91-238-745-8795', '', '', 1, '2019-04-18 13:56:02', 1, '2019-04-18 13:56:02', 0, ''),
(6, 'Sacha', 'Carson', 'Quenast', 'neque.non.quam@luctussitamet.com', '91-435-116-8209', '', '', 1, '2019-04-18 13:56:02', 1, '2019-04-18 13:56:02', 0, ''),
(7, 'Carla', 'Mckay', 'Wismar', 'molestie@neque.org', '91-958-861-0453', '', '', 1, '2019-04-18 13:56:02', 1, '2019-04-18 13:56:02', 0, ''),
(8, 'Alexandra', 'Greene', 'Teralfene', 'Phasellus.in.felis@nonummyultriciesornare.co.uk', '91-754-489-3484', '', '', 1, '2019-04-18 13:56:02', 1, '2019-04-18 13:56:02', 0, ''),
(9, 'Kenyon', 'Holcomb', 'Verrebroek', 'dignissim.pharetra@adipiscinglacus.ca', '91-687-758-7862', '', '', 1, '2019-04-18 13:56:02', 1, '2019-04-18 13:56:02', 0, ''),
(10, 'Aiko', 'Ayers', 'Neuville', 'posuere@anteipsumprimis.net', '91-486-968-2309', '', '', 1, '2019-04-18 13:56:02', 1, '2019-04-18 13:56:02', 0, ''),
(11, 'Linus', 'Cervantes', 'Rivello', 'Vestibulum@atarcu.ca', '91-136-176-3845', '', '', 1, '2019-04-18 13:56:02', 1, '2019-04-18 13:56:02', 0, ''),
(12, 'Nash', 'Hardin', 'Rouvroy', 'nec.luctus.felis@Nam.com', '91-880-803-2016', '', '', 1, '2019-04-18 13:56:02', 1, '2019-04-18 13:56:02', 0, ''),
(13, 'Linda', 'Berg', 'Paal', 'risus.Donec@condimentum.com', '91-489-827-5301', '', '', 1, '2019-04-18 13:56:02', 1, '2019-04-18 13:56:02', 0, ''),
(14, 'Renee', 'Pittman', 'Mumbai', 'orci.luctus.et@Aeneanegestashendrerit.com', '91-563-944-7974', '', '', 1, '2019-04-18 13:56:02', 1, '2019-04-18 13:56:02', 0, ''),
(15, 'Belle', 'Boyer', 'Dewas', 'enim@ullamcorperDuiscursus.edu', '91-840-246-1833', '', '', 1, '2019-04-18 13:56:02', 1, '2019-04-18 13:56:02', 0, ''),
(16, 'Merrill', 'Elliott', 'Boston', 'nibh.Phasellus.nulla@sit.edu', '91-445-272-6173', '', '', 1, '2019-04-18 13:56:02', 1, '2019-04-18 13:56:02', 0, ''),
(17, 'Kalia', 'Fulton', 'Garbsen', 'pellentesque@Inornare.co.uk', '91-240-186-4362', '', '', 1, '2019-04-18 13:56:02', 1, '2019-04-18 13:56:02', 0, ''),
(18, 'Amos', 'Goodman', 'Windsor', 'est.tempor.bibendum@blanditviverra.com', '91-404-415-3155', '', '', 1, '2019-04-18 13:56:02', 1, '2019-04-18 13:56:02', 0, ''),
(19, 'Imelda', 'Bell', 'Vizianagaram', 'sed.facilisis.vitae@elementumpurus.net', '91-514-180-1683', '', '', 1, '2019-04-18 13:56:02', 1, '2019-04-18 13:56:02', 0, ''),
(20, 'Sydnee', 'Brennan', 'Bostan', 'magna.Nam.ligula@consequatpurus.net', '91-653-957-1384', '', '', 1, '2019-04-18 13:56:02', 1, '2019-04-18 13:56:02', 0, ''),
(21, 'Murphy', 'Pugh', 'Baie-Saint-Paul', 'nonummy.Fusce@tempor.edu', '91-831-634-0655', '', '', 1, '2019-04-18 13:56:02', 1, '2019-04-18 13:56:02', 0, ''),
(22, 'Jonas', 'Fischer', 'Chastre', 'Donec@adlitoratorquent.net', '91-193-540-4771', '', '', 1, '2019-04-18 13:56:02', 1, '2019-04-18 13:56:02', 0, ''),
(23, 'Edward', 'Winters', 'Nobressart', 'at.auctor@luctusutpellentesque.com', '91-162-442-7142', '', '', 1, '2019-04-18 13:56:02', 1, '2019-04-18 13:56:02', 0, ''),
(24, 'Wyatt', 'Jefferson', 'Pontedera', 'aliquet.vel.vulputate@neque.ca', '91-729-695-6850', '', '', 1, '2019-04-18 13:56:02', 1, '2019-04-18 13:56:02', 0, ''),
(25, 'Leandra', 'Mcintosh', 'Brive-la-Gaillarde', 'Lorem.ipsum.dolor@arcuVivamussit.org', '91-677-851-6560', '', '', 1, '2019-04-18 13:56:02', 1, '2019-04-18 13:56:02', 0, ''),
(26, 'Knox', 'Gutierrez', 'Mumbai', 'Mauris@sedest.org', '91-733-837-6771', '', '', 1, '2019-04-18 13:56:02', 1, '2019-04-18 13:56:02', 0, ''),
(27, 'Cain', 'Roman', 'St. Asaph', 'et.magnis@arcu.co.uk', '91-703-952-5880', '', '', 1, '2019-04-18 13:56:02', 1, '2019-04-18 13:56:02', 0, ''),
(28, 'Haley', 'Vargas', 'Bionaz', 'ligula.Nullam@felisadipiscing.ca', '91-107-149-7543', '', '', 1, '2019-04-18 13:56:02', 1, '2019-04-18 13:56:02', 0, ''),
(29, 'Connor', 'Crane', 'Mayerthorpe', 'convallis@liberoDonec.ca', '91-430-470-0221', '', '', 1, '2019-04-18 13:56:02', 1, '2019-04-18 13:56:02', 0, ''),
(30, 'Sybil', 'Little', 'Thuin', 'Ut.tincidunt@litoratorquent.net', '91-717-320-1654', '', '', 1, '2019-04-18 13:56:02', 1, '2019-04-18 13:56:02', 0, ''),
(31, 'Althea', 'Townsend', 'Saint-Oyen', 'lorem@pulvinararcu.org', '91-146-931-7592', '', '', 1, '2019-04-18 13:56:02', 1, '2019-04-18 13:56:02', 0, ''),
(32, 'Keefe', 'Davis', 'Vicoli', 'Sed.eget.lacus@Phasellusfermentumconvallis.net', '91-516-234-7666', '', '', 1, '2019-04-18 13:56:02', 1, '2019-04-18 13:56:02', 0, ''),
(33, 'Elton', 'Newman', 'Schwalbach', 'eu@sitamet.org', '91-956-575-8571', '', '', 1, '2019-04-18 13:56:02', 1, '2019-04-18 13:56:02', 0, ''),
(34, 'Magee', 'Patel', 'Las Vegas', 'vitae@nec.edu', '91-359-983-0110', '', '', 1, '2019-04-18 13:56:02', 1, '2019-04-18 13:56:02', 0, ''),
(35, 'Ulric', 'Gordon', 'San Diego', 'erat.eget.tincidunt@necorciDonec.edu', '91-180-733-8273', '', '', 1, '2019-04-18 13:56:02', 1, '2019-04-18 13:56:02', 0, ''),
(36, 'Carol', 'Kirby', 'San Cesario di Lecce', 'Morbi@Pellentesque.net', '91-526-687-1229', '', '', 1, '2019-04-18 13:56:02', 1, '2019-04-18 13:56:02', 0, ''),
(37, 'Cadman', 'Stone', 'Raurkela Civil Township', 'quam@litoratorquentper.ca', '91-302-274-5513', '', '', 1, '2019-04-18 13:56:02', 1, '2019-04-18 13:56:02', 0, ''),
(38, 'Sybil', 'Walton', 'Sargodha', 'imperdiet@volutpat.com', '91-616-269-0302', '', '', 1, '2019-04-18 13:56:02', 1, '2019-04-18 13:56:02', 0, ''),
(39, 'Imani', 'Mcleod', 'Whitehaven', 'in@mattis.co.uk', '91-620-267-6224', '', '', 1, '2019-04-18 13:56:02', 1, '2019-04-18 13:56:02', 0, ''),
(40, 'Clementine', 'Everett', 'Oordegem', 'tincidunt.Donec@infaucibus.ca', '91-833-869-7730', '', '', 1, '2019-04-18 13:56:02', 1, '2019-04-18 13:56:02', 0, ''),
(41, 'Xaviera', 'Sherman', 'Wanaka', 'imperdiet.nec@et.net', '91-277-122-0229', '', '', 1, '2019-04-18 13:56:02', 1, '2019-04-18 13:56:02', 0, ''),
(42, 'Derek', 'Parsons', 'Ovalle', 'vel.nisl.Quisque@Praesenteudui.org', '91-732-935-3035', '', '', 1, '2019-04-18 13:56:02', 1, '2019-04-18 13:56:02', 0, ''),
(43, 'Octavia', 'Ashley', 'Lochranza', 'non@etarcuimperdiet.com', '91-529-930-5271', '', '', 1, '2019-04-18 13:56:02', 1, '2019-04-18 13:56:02', 0, ''),
(44, 'Bryar', 'Chambers', 'Modakeke', 'massa.Suspendisse@pedeetrisus.net', '91-558-420-9528', '', '', 1, '2019-04-18 13:56:02', 1, '2019-04-18 13:56:02', 0, ''),
(45, 'Travis', 'Knox', 'Bernburg', 'luctus.sit.amet@eleifendnondapibus.org', '91-969-999-9414', '', '', 1, '2019-04-18 13:56:02', 1, '2019-04-18 13:56:02', 0, ''),
(46, 'Nelle', 'Fitzgerald', 'Malvern', 'facilisis@ridiculusmus.co.uk', '91-364-183-1148', '', '', 1, '2019-04-18 13:56:02', 1, '2019-04-18 13:56:02', 0, ''),
(47, 'Blake', 'Stark', 'Pembroke', 'et@semmolestiesodales.net', '91-536-412-4776', '', '', 1, '2019-04-18 13:56:02', 1, '2019-04-18 13:56:02', 0, ''),
(48, 'Jelani', 'Dyer', 'Biggleswade', 'molestie.dapibus.ligula@nonummyultriciesornare.co.uk', '91-474-524-4727', '', '', 1, '2019-04-18 13:56:02', 1, '2019-04-18 13:56:02', 0, ''),
(49, 'Phyllis', 'Hall', 'Quinta Normal', 'tincidunt@Morbiquis.net', '91-998-567-8981', '', '', 1, '2019-04-18 13:56:02', 1, '2019-04-18 13:56:02', 0, ''),
(50, 'Thaddeus', 'Yates', 'Ourense', 'dui.augue@egettinciduntdui.org', '91-889-797-1772', '', '', 1, '2019-04-18 13:56:02', 1, '2019-04-18 13:56:02', 0, ''),
(51, 'Armand', 'Waters', 'Versailles', 'urna@augue.org', '91-203-589-2279', '', '', 1, '2019-04-18 13:56:02', 1, '2019-04-18 13:56:02', 0, ''),
(52, 'Odessa', 'Yates', 'Boston', 'eu.neque@Curabituregestasnunc.edu', '91-108-813-8619', '', '', 1, '2019-04-18 13:56:02', 1, '2019-04-18 13:56:02', 0, ''),
(53, 'Jackson', 'Rush', 'Merksem', 'mauris.Morbi.non@perconubianostra.net', '91-660-155-6015', '', '', 1, '2019-04-18 13:56:02', 1, '2019-04-18 13:56:02', 0, ''),
(54, 'Cain', 'Moran', 'Villamassargia', 'aliquet@leoMorbineque.com', '91-336-851-8176', '', '', 1, '2019-04-18 13:56:02', 1, '2019-04-18 13:56:02', 0, ''),
(55, 'Debra', 'Calhoun', 'Welland', 'Lorem.ipsum.dolor@rutrumjustoPraesent.edu', '91-587-844-9970', '', '', 1, '2019-04-18 13:56:02', 1, '2019-04-18 13:56:02', 0, ''),
(56, 'Nola', 'Roberson', 'Heilbronn', 'ante.ipsum@nequesed.co.uk', '91-256-158-2059', '', '', 1, '2019-04-18 13:56:02', 1, '2019-04-18 13:56:02', 0, ''),
(57, 'Blair', 'Becker', 'Mercedes', 'et@egetmassa.com', '91-493-112-7795', '', '', 1, '2019-04-18 13:56:02', 1, '2019-04-18 13:56:02', 0, ''),
(58, 'Tallulah', 'Molina', 'Buxton', 'Praesent.luctus@necmaurisblandit.edu', '91-406-674-3372', '', '', 1, '2019-04-18 13:56:02', 1, '2019-04-18 13:56:02', 0, ''),
(59, 'Hanae', 'Barker', 'Wandlitz', 'gravida.Aliquam@fringillaDonecfeugiat.net', '91-812-487-9158', '', '', 1, '2019-04-18 13:56:02', 1, '2019-04-18 13:56:02', 0, ''),
(60, 'Ariel', 'Bowen', 'Mumbai', 'ligula.Aliquam.erat@morbi.net', '91-456-879-9781', '', '', 1, '2019-04-18 13:56:02', 1, '2019-04-18 13:56:02', 0, ''),
(61, 'Ishmael', 'Sanders', 'Murcia', 'tincidunt.nunc@ligulaDonec.co.uk', '91-784-834-2026', '', '', 1, '2019-04-18 13:56:02', 1, '2019-04-18 13:56:02', 0, ''),
(62, 'Xanthus', 'Copeland', 'Radom', 'Lorem.ipsum@montesnasceturridiculus.net', '91-877-547-2735', '', '', 1, '2019-04-18 13:56:02', 1, '2019-04-18 13:56:02', 0, ''),
(63, 'Risa', 'Oconnor', 'Canmore', 'sapien@augueidante.org', '91-364-343-2816', '', '', 1, '2019-04-18 13:56:02', 1, '2019-04-18 13:56:02', 0, ''),
(64, 'Kelsey', 'Sloan', 'Jackson', 'Nulla.tincidunt.neque@lectus.com', '91-213-431-7745', '', '', 1, '2019-04-18 13:56:02', 1, '2019-04-18 13:56:02', 0, ''),
(65, 'Thaddeus', 'Ortiz', 'Aubagne', 'Praesent.eu.dui@anteMaecenas.edu', '91-240-664-8608', '', '', 1, '2019-04-18 13:56:02', 1, '2019-04-18 13:56:02', 0, ''),
(66, 'Kennan', 'Brennan', 'Quesada', 'elit.a.feugiat@non.com', '91-349-887-8003', '', '', 1, '2019-04-18 13:56:02', 1, '2019-04-18 13:56:02', 0, ''),
(67, 'Eagan', 'Stout', 'Straubing', 'sodales@Suspendisse.co.uk', '91-914-802-0024', '', '', 1, '2019-04-18 13:56:02', 1, '2019-04-18 13:56:02', 0, ''),
(68, 'Craig', 'Peterson', 'Bischofshofen', 'nunc.ac.mattis@idrisusquis.co.uk', '91-634-180-8867', '', '', 1, '2019-04-18 13:56:02', 1, '2019-04-18 13:56:02', 0, ''),
(69, 'Edan', 'Harper', 'Minneapolis', 'at@velitin.edu', '91-841-957-3085', '', '', 1, '2019-04-18 13:56:02', 1, '2019-04-18 13:56:02', 0, ''),
(70, 'Bradley', 'Harper', 'Mumbai', 'mi.Aliquam.gravida@uteratSed.ca', '91-191-836-3919', '', '', 1, '2019-04-18 13:56:02', 1, '2019-04-18 13:56:02', 0, ''),
(71, 'Lance', 'Cross', 'Belfast', 'Vivamus.rhoncus.Donec@ametloremsemper.org', '91-713-798-6883', '', '', 1, '2019-04-18 13:56:02', 1, '2019-04-18 13:56:02', 0, ''),
(72, 'Chaney', 'Wilder', 'Donnas', 'a.felis@ipsumSuspendisse.co.uk', '91-301-654-0072', '', '', 1, '2019-04-18 13:56:02', 1, '2019-04-18 13:56:02', 0, ''),
(73, 'Destiny', 'Roach', 'Renaico', 'Maecenas.libero.est@vitaesodales.net', '91-775-241-9575', '', '', 1, '2019-04-18 13:56:02', 1, '2019-04-18 13:56:02', 0, ''),
(74, 'Walter', 'Vasquez', 'Bairnsdale', 'libero.Proin.mi@nec.co.uk', '91-248-128-3433', '', '', 1, '2019-04-18 13:56:02', 1, '2019-04-18 13:56:02', 0, ''),
(75, 'Ciara', 'Herrera', 'Carson City', 'elementum.at.egestas@blandit.org', '91-725-856-2709', '', '', 1, '2019-04-18 13:56:02', 1, '2019-04-18 13:56:02', 0, ''),
(76, 'Desiree', 'Marshall', 'Airdrie', 'fringilla@felispurus.edu', '91-817-215-6185', '', '', 1, '2019-04-18 13:56:02', 1, '2019-04-18 13:56:02', 0, ''),
(77, 'Nero', 'Rodriguez', 'Largs', 'pretium.neque@nuncinterdumfeugiat.org', '91-847-513-3474', '', '', 1, '2019-04-18 13:56:02', 1, '2019-04-18 13:56:02', 0, ''),
(78, 'Kimberly', 'Benson', 'Phoenix', 'elit.pretium.et@inlobortistellus.com', '91-264-794-0755', '', '', 1, '2019-04-18 13:56:02', 1, '2019-04-18 13:56:02', 0, ''),
(79, 'Alea', 'Hobbs', 'Vedrin', 'Mauris.molestie@duiin.net', '91-793-665-5453', '', '', 1, '2019-04-18 13:56:02', 1, '2019-04-18 13:56:02', 0, ''),
(80, 'Kiona', 'Bowers', 'Trochu', 'magna.Sed@massaQuisque.edu', '91-782-438-2997', '', '', 1, '2019-04-18 13:56:02', 1, '2019-04-18 13:56:02', 0, ''),
(81, 'Chaim', 'Watts', 'Saint-Marc', 'placerat@orciluctuset.ca', '91-820-426-6572', '', '', 1, '2019-04-18 13:56:02', 1, '2019-04-18 13:56:02', 0, ''),
(82, 'Malachi', 'Benton', 'Bonefro', 'sem.consequat.nec@Aliquamadipiscing.org', '91-678-134-2457', '', '', 1, '2019-04-18 13:56:02', 1, '2019-04-18 13:56:02', 0, ''),
(83, 'Hilel', 'Hooper', 'Orvault', 'est@ridiculus.com', '91-871-179-6192', '', '', 1, '2019-04-18 13:56:02', 1, '2019-04-18 13:56:02', 0, ''),
(84, 'Kylee', 'Petersen', 'Tamines', 'mauris@tinciduntpedeac.com', '91-306-646-7733', '', '', 1, '2019-04-18 13:56:02', 1, '2019-04-18 13:56:02', 0, ''),
(85, 'Kyla', 'Hunter', 'Offenbach am Main', 'Maecenas.libero@nunc.net', '91-690-904-1116', '', '', 1, '2019-04-18 13:56:02', 1, '2019-04-18 13:56:02', 0, ''),
(86, 'Melanie', 'Cash', 'Traun', 'libero.Morbi@mollislectus.ca', '91-804-406-5366', '', '', 1, '2019-04-18 13:56:02', 1, '2019-04-18 13:56:02', 0, ''),
(87, 'Lana', 'Christensen', 'Jaboat?o dos Guararapes', 'lobortis.nisi.nibh@ipsum.net', '91-334-761-0678', '', '', 1, '2019-04-18 13:56:02', 1, '2019-04-18 13:56:02', 0, ''),
(88, 'Desiree', 'Church', 'Taber', 'ut@Crasloremlorem.com', '91-464-100-3948', '', '', 1, '2019-04-18 13:56:02', 1, '2019-04-18 13:56:02', 0, ''),
(89, 'Germane', 'Ratliff', 'Paris', 'ut.eros.non@nullavulputate.edu', '91-461-137-5370', '', '', 1, '2019-04-18 13:56:02', 1, '2019-04-18 13:56:02', 0, ''),
(90, 'Victoria', 'Watts', 'Kent', 'vestibulum.lorem.sit@necimperdietnec.org', '91-499-884-8661', '', '', 1, '2019-04-18 13:56:02', 1, '2019-04-18 13:56:02', 0, ''),
(91, 'Tanner', 'Barton', 'Bridgeport', 'euismod.est@viverra.ca', '91-731-271-5443', '', '', 1, '2019-04-18 13:56:02', 1, '2019-04-18 13:56:02', 0, ''),
(92, 'Eric', 'Boyd', 'Flamierge', 'scelerisque.mollis.Phasellus@luctusetultrices.net', '91-311-612-2110', '', '', 1, '2019-04-18 13:56:02', 1, '2019-04-18 13:56:02', 0, ''),
(93, 'Ashton', 'Gallegos', 'Stavoren', 'dictum.eu.placerat@Incondimentum.org', '91-621-318-7366', '', '', 1, '2019-04-18 13:56:02', 1, '2019-04-18 13:56:02', 0, ''),
(94, 'Scarlett', 'Marquez', 'Bafra', 'Donec.porttitor@esttempor.edu', '91-503-834-9663', '', '', 1, '2019-04-18 13:56:02', 1, '2019-04-18 13:56:02', 0, ''),
(95, 'Russell', 'David', 'Springfield', 'Nunc@eratnequenon.org', '91-229-429-9663', '', '', 1, '2019-04-18 13:56:02', 1, '2019-04-18 13:56:02', 0, ''),
(96, 'Grady', 'Michael', 'Vitrival', 'Phasellus.ornare@leo.edu', '91-294-329-7834', '', '', 1, '2019-04-18 13:56:02', 1, '2019-04-18 13:56:02', 0, ''),
(97, 'Calvin', 'Ashley', 'Ludwigsburg', 'nisi@morbi.ca', '91-485-133-2018', '', '', 1, '2019-04-18 13:56:02', 1, '2019-04-18 13:56:02', 0, ''),
(98, 'Signe', 'Campbell', 'Ellesmere Port', 'amet@In.ca', '91-292-365-3231', '', '', 1, '2019-04-18 13:56:02', 1, '2019-04-18 13:56:02', 0, ''),
(99, 'Phyllis', 'Mccormick', 'Gravelbourg', 'metus.sit@eu.edu', '91-218-224-8739', '', '', 1, '2019-04-18 13:56:02', 1, '2019-04-18 13:56:02', 0, ''),
(100, 'Rose', 'Taylor', 'Makurdi', 'vitae@interdumfeugiat.com', '91-112-430-9488', '', '', 1, '2019-04-18 13:56:02', 1, '2019-04-18 13:56:02', 0, '');

-- --------------------------------------------------------

--
-- Table structure for table `question`
--

CREATE TABLE `question` (
  `question_id` int(11) NOT NULL,
  `chapter_id` int(11) NOT NULL,
  `difficulty_level` int(255) NOT NULL,
  `marks` int(11) NOT NULL,
  `question` varchar(255) NOT NULL,
  `created_by` int(11) NOT NULL,
  `created_at` timestamp NOT NULL DEFAULT CURRENT_TIMESTAMP,
  `updated_by` int(11) NOT NULL,
  `updated_at` timestamp NOT NULL DEFAULT CURRENT_TIMESTAMP,
  `deleted` tinyint(4) NOT NULL DEFAULT '0',
  `additional_description` varchar(255) DEFAULT NULL
) ENGINE=InnoDB DEFAULT CHARSET=latin1;

--
-- Dumping data for table `question`
--

INSERT INTO `question` (`question_id`, `chapter_id`, `difficulty_level`, `marks`, `question`, `created_by`, `created_at`, `updated_by`, `updated_at`, `deleted`, `additional_description`) VALUES
(1, 39, 1, 2, 'Decrement operator, -- decreases the value of variable by what number?', 2, '2019-04-19 13:22:59', 2, '2019-04-19 13:22:59', 0, ''),
(2, 40, 2, 2, 'Which of these is not a bitwise operator?', 2, '2019-04-19 13:22:59', 2, '2019-04-19 13:22:59', 0, ''),
(3, 39, 3, 2, 'Which operator is used to invert all the digits in a binary representation of a number?', 2, '2019-04-19 13:22:59', 2, '2019-04-19 13:22:59', 0, ''),
(4, 40, 1, 1, 'On applying Left shift operator, <<, on integer bits are lost one they are shifted past which position bit?', 2, '2019-04-19 13:22:59', 2, '2019-04-19 13:22:59', 0, ''),
(5, 39, 2, 2, 'Which right shift operator preserves the sign of the value?', 2, '2019-04-19 13:22:59', 2, '2019-04-19 13:22:59', 0, ''),
(6, 40, 3, 2, 'What is the output of relational operators?', 2, '2019-04-19 13:23:00', 2, '2019-04-19 13:23:00', 0, ''),
(7, 39, 1, 1, 'Which of these statements is correct?', 2, '2019-04-19 13:23:00', 2, '2019-04-19 13:23:00', 0, ''),
(8, 40, 2, 2, 'Which of the following inheritance is not directly supported in Java?', 2, '2019-04-19 13:23:00', 2, '2019-04-19 13:23:00', 0, ''),
(9, 39, 3, 2, 'Which of the following is a type of polymorphism in Java?', 2, '2019-04-19 13:23:00', 2, '2019-04-19 13:23:00', 0, ''),
(10, 40, 1, 1, 'When does method overloading is determined?', 2, '2019-04-19 13:23:00', 2, '2019-04-19 13:23:00', 0, ''),
(11, 39, 2, 1, 'Which concept of Java is achieved by combining methods and attribute into a class?', 2, '2019-04-19 13:23:00', 2, '2019-04-19 13:23:00', 0, ''),
(12, 40, 3, 1, 'Which component is used to compile, debug and execute java program?', 2, '2019-04-19 13:23:00', 2, '2019-04-19 13:23:00', 0, ''),
(13, 39, 1, 1, 'Which component is responsible to run java program?', 2, '2019-04-19 13:23:00', 2, '2019-04-19 13:23:00', 0, ''),
(14, 40, 2, 2, 'Which statement is true about java?', 2, '2019-04-19 13:23:00', 2, '2019-04-19 13:23:00', 0, ''),
(15, 39, 3, 2, 'Which of the below is invalid identifier with the main method?', 2, '2019-04-19 13:23:00', 2, '2019-04-19 13:23:00', 0, ''),
(16, 40, 1, 1, 'What is the extension of java code files?', 2, '2019-04-19 13:23:00', 2, '2019-04-19 13:23:00', 0, ''),
(17, 39, 2, 1, 'What is the extension of compiled java classes?', 2, '2019-04-19 13:23:00', 2, '2019-04-19 13:23:00', 0, ''),
(18, 40, 3, 2, 'What is use of interpreter?', 2, '2019-04-19 13:23:00', 2, '2019-04-19 13:23:00', 0, ''),
(19, 39, 1, 1, 'Which of the following is a method having same name as that of its class?', 2, '2019-04-19 13:23:00', 2, '2019-04-19 13:23:00', 0, ''),
(20, 40, 2, 2, 'Which keyword is used by the method to refer to the object that invoked it?', 2, '2019-04-19 13:23:00', 2, '2019-04-19 13:23:00', 0, ''),
(21, 21, 3, 1, 'What is operating system?', 2, '2019-04-19 13:23:00', 2, '2019-04-19 13:23:00', 0, ''),
(22, 22, 1, 2, 'To access the services of operating system, the interface is provided by the', 2, '2019-04-19 13:23:00', 2, '2019-04-19 13:23:00', 0, ''),
(23, 21, 2, 1, 'Which one of the following error will be handle by the operating system?', 2, '2019-04-19 13:23:00', 2, '2019-04-19 13:23:00', 0, ''),
(24, 22, 3, 2, 'The main function of the command interpreter is', 2, '2019-04-19 13:23:00', 2, '2019-04-19 13:23:00', 0, ''),
(25, 21, 1, 1, 'If a process fails, most operating system write the error information to a ______', 2, '2019-04-19 13:23:00', 2, '2019-04-19 13:23:00', 0, ''),
(26, 22, 2, 4, 'Which one of the following is not a real time operating system?', 2, '2019-04-19 13:23:00', 2, '2019-04-19 13:23:00', 0, ''),
(27, 21, 3, 1, 'The OS X has ____________', 2, '2019-04-19 13:23:00', 2, '2019-04-19 13:23:00', 0, ''),
(28, 22, 1, 2, 'A Process Control Block(PCB) does not contain which of the following :', 2, '2019-04-19 13:23:00', 2, '2019-04-19 13:23:00', 0, ''),
(29, 21, 2, 1, 'The number of processes completed per unit time is known as __________', 2, '2019-04-19 13:23:00', 2, '2019-04-19 13:23:00', 0, ''),
(30, 22, 3, 2, 'The Process Control Block is:', 2, '2019-04-19 13:23:00', 2, '2019-04-19 13:23:00', 0, ''),
(31, 21, 1, 1, 'The degree of multiprogramming is:', 2, '2019-04-19 13:23:00', 2, '2019-04-19 13:23:00', 0, ''),
(32, 22, 2, 1, 'A single thread of control allows the process to perform:', 2, '2019-04-19 13:23:00', 2, '2019-04-19 13:23:00', 0, ''),
(33, 21, 3, 1, 'Which process can be affected by other processes executing in the system?', 2, '2019-04-19 13:23:00', 2, '2019-04-19 13:23:00', 0, ''),
(34, 22, 1, 2, 'When several processes access the same data concurrently and the outcome of the execution depends on the particular order in which the access takes place, is called', 2, '2019-04-19 13:23:00', 2, '2019-04-19 13:23:00', 0, ''),
(35, 21, 2, 1, 'Which one of the following is a synchronization tool?', 2, '2019-04-19 13:23:00', 2, '2019-04-19 13:23:00', 0, ''),
(36, 22, 3, 3, 'When high priority task is indirectly preempted by medium priority task effectively inverting the relative priority of the two tasks, the scenario is called', 2, '2019-04-19 13:23:00', 2, '2019-04-19 13:23:00', 0, ''),
(37, 21, 1, 1, 'To enable a process to wait within the monitor,', 2, '2019-04-19 13:23:00', 2, '2019-04-19 13:23:00', 0, ''),
(38, 22, 2, 4, 'What is interprocess communication?', 2, '2019-04-19 13:23:00', 2, '2019-04-19 13:23:00', 0, ''),
(39, 21, 3, 1, 'A process stack does not contain', 2, '2019-04-19 13:23:00', 2, '2019-04-19 13:23:00', 0, ''),
(40, 22, 1, 1, 'Which system call returns the process identifier of a terminated child?', 2, '2019-04-19 13:23:00', 2, '2019-04-19 13:23:00', 0, ''),
(41, 21, 2, 1, 'The address of the next instruction to be executed by the current process is provided by the', 2, '2019-04-19 13:23:01', 2, '2019-04-19 13:23:01', 0, ''),
(42, 36, 3, 3, 'Process of inserting an element in stack is called ____________', 2, '2019-04-19 13:23:01', 2, '2019-04-19 13:23:01', 0, ''),
(43, 35, 1, 2, 'Process of removing an element from stack is called __________', 2, '2019-04-19 13:23:01', 2, '2019-04-19 13:23:01', 0, ''),
(44, 36, 2, 1, 'In a stack, if a user tries to remove an element from empty stack it is called _________', 2, '2019-04-19 13:23:01', 2, '2019-04-19 13:23:01', 0, ''),
(45, 35, 3, 3, 'Which of the following applications may use a stack?', 2, '2019-04-19 13:23:01', 2, '2019-04-19 13:23:01', 0, ''),
(46, 36, 1, 2, 'A linear list of elements in which deletion can be done from one end (front) and insertion can take place only at the other end (rear) is known as a ?', 2, '2019-04-19 13:23:01', 2, '2019-04-19 13:23:01', 0, ''),
(47, 35, 2, 3, 'The data structure required for Breadth First Traversal on a graph is?', 2, '2019-04-19 13:23:01', 2, '2019-04-19 13:23:01', 0, ''),
(48, 36, 3, 1, 'A queue is a ?', 2, '2019-04-19 13:23:01', 2, '2019-04-19 13:23:01', 0, ''),
(49, 35, 1, 2, 'A normal queue, if implemented using an array of size MAX_SIZE, gets full when', 2, '2019-04-19 13:23:01', 2, '2019-04-19 13:23:01', 0, ''),
(50, 36, 2, 1, 'If the elements \"A\", \"B\", \"C\" and \"D\" are placed in a queue and are deleted one at a time, in what order will they be removed?', 2, '2019-04-19 13:23:01', 2, '2019-04-19 13:23:01', 0, ''),
(51, 35, 3, 2, 'A linear collection of data elements where the linear node is given by means of pointer is called?', 2, '2019-04-19 13:23:01', 2, '2019-04-19 13:23:01', 0, ''),
(52, 36, 1, 1, 'In linked list each node contain minimum of two fields. One field is data field to store the data second field is?', 2, '2019-04-19 13:23:01', 2, '2019-04-19 13:23:01', 0, ''),
(53, 35, 2, 2, 'Linked list is considered as an example of ___________ type of memory allocation.', 2, '2019-04-19 13:23:01', 2, '2019-04-19 13:23:01', 0, ''),
(54, 36, 3, 1, 'What is the time complexity to count the number of elements in the linked list?', 2, '2019-04-19 13:23:01', 2, '2019-04-19 13:23:01', 0, ''),
(55, 35, 1, 2, 'What is the space complexity for deleting a linked list?', 2, '2019-04-19 13:23:01', 2, '2019-04-19 13:23:01', 0, ''),
(56, 36, 2, 3, 'A connected planar graph having 6 vertices, 7 edges contains _____________ regions.', 2, '2019-04-19 13:23:01', 2, '2019-04-19 13:23:01', 0, ''),
(57, 35, 3, 1, 'What is the worst case complexity of selection sort?', 2, '2019-04-19 13:23:01', 2, '2019-04-19 13:23:01', 0, ''),
(58, 36, 1, 2, 'What is the disadvantage of selection sort?', 2, '2019-04-19 13:23:01', 2, '2019-04-19 13:23:01', 0, ''),
(59, 35, 2, 1, 'A stack is a ?', 2, '2019-04-19 13:23:01', 2, '2019-04-19 13:23:01', 0, ''),
(60, 36, 3, 2, 'What is the worst case complexity of bubble sort?', 2, '2019-04-19 13:23:01', 2, '2019-04-19 13:23:01', 0, ''),
(61, 35, 1, 2, 'QuickSort can be categorized into which of the following?', 2, '2019-04-19 13:23:01', 2, '2019-04-19 13:23:01', 0, ''),
(62, 36, 2, 2, 'Recursion is a method in which the solution of a problem depends on ____________', 2, '2019-04-19 13:23:01', 2, '2019-04-19 13:23:01', 0, ''),
(63, 35, 3, 2, 'What differentiates a circular linked list from a normal linked list?', 2, '2019-04-19 13:23:01', 2, '2019-04-19 13:23:01', 0, ''),
(64, 36, 1, 3, 'What is the time complexity of searching for an element in a circular linked list?', 2, '2019-04-19 13:23:01', 2, '2019-04-19 13:23:01', 0, ''),
(65, 35, 2, 1, 'With what data structure can a priority queue be implemented?', 2, '2019-04-19 13:23:01', 2, '2019-04-19 13:23:01', 0, ''),
(66, 36, 3, 1, 'Which of the following is not an application of priority queue?', 2, '2019-04-19 13:23:01', 2, '2019-04-19 13:23:01', 0, ''),
(67, 35, 1, 2, 'What is the time complexity to insert a node based on key in a priority queue?', 2, '2019-04-19 13:23:01', 2, '2019-04-19 13:23:01', 0, ''),
(68, 36, 2, 2, 'What are the advantages of priority queues?', 2, '2019-04-19 13:23:01', 2, '2019-04-19 13:23:01', 0, ''),
(69, 35, 3, 3, 'Which data structure can be used suitably to solve the Tower of Hanoi problem?', 2, '2019-04-19 13:23:01', 2, '2019-04-19 13:23:01', 0, '');

-- --------------------------------------------------------

--
-- Table structure for table `role`
--

CREATE TABLE `role` (
  `role_id` int(11) NOT NULL,
  `role_name` varchar(255) NOT NULL,
  `created_by` int(11) NOT NULL,
  `created_at` timestamp NOT NULL DEFAULT CURRENT_TIMESTAMP,
  `updated_by` int(11) NOT NULL,
  `updated_at` timestamp NOT NULL DEFAULT CURRENT_TIMESTAMP,
  `deleted` tinyint(4) NOT NULL DEFAULT '0',
  `additional_description` varchar(255) DEFAULT NULL
) ENGINE=InnoDB DEFAULT CHARSET=latin1;

--
-- Dumping data for table `role`
--

INSERT INTO `role` (`role_id`, `role_name`, `created_by`, `created_at`, `updated_by`, `updated_at`, `deleted`, `additional_description`) VALUES
(1, 'teacher', 1, '2019-04-18 13:44:40', 1, '2019-04-18 13:44:40', 0, ''),
(2, 'student', 1, '2019-04-18 13:44:40', 1, '2019-04-18 13:44:40', 0, ''),
(3, 'parent', 1, '2019-04-18 13:45:02', 1, '2019-04-18 13:45:02', 0, ''),
(4, 'super_admin', 1, '2019-04-18 13:45:02', 1, '2019-04-18 13:45:02', 0, '');

-- --------------------------------------------------------

--
-- Table structure for table `semester`
--

CREATE TABLE `semester` (
  `semester_id` int(11) NOT NULL,
  `semester_number` int(11) NOT NULL,
  `last_passed_semester` int(11) NOT NULL,
  `branch_id` int(11) NOT NULL,
  `created_by` int(11) NOT NULL,
  `created_at` timestamp NOT NULL DEFAULT CURRENT_TIMESTAMP,
  `updated_by` int(11) NOT NULL,
  `updated_at` timestamp NOT NULL DEFAULT CURRENT_TIMESTAMP,
  `deleted` tinyint(4) NOT NULL DEFAULT '0',
  `additional_description` varchar(255) DEFAULT NULL
) ENGINE=InnoDB DEFAULT CHARSET=latin1;

--
-- Dumping data for table `semester`
--

INSERT INTO `semester` (`semester_id`, `semester_number`, `last_passed_semester`, `branch_id`, `created_by`, `created_at`, `updated_by`, `updated_at`, `deleted`, `additional_description`) VALUES
(1, 1, 1, 1, 1, '2019-04-18 15:04:32', 1, '2019-04-18 15:04:32', 0, ''),
(2, 2, 0, 1, 1, '2019-04-18 15:04:32', 1, '2019-04-18 15:04:32', 0, ''),
(3, 3, 0, 1, 1, '2019-04-18 15:04:32', 1, '2019-04-18 15:04:32', 0, ''),
(4, 4, 0, 1, 1, '2019-04-18 15:04:32', 1, '2019-04-18 15:04:32', 0, ''),
(5, 5, 0, 1, 1, '2019-04-18 15:04:32', 1, '2019-04-18 15:04:32', 0, ''),
(6, 6, 0, 1, 1, '2019-04-18 15:04:32', 1, '2019-04-18 15:04:32', 0, ''),
(7, 7, 0, 1, 1, '2019-04-18 15:04:32', 1, '2019-04-18 15:04:32', 0, ''),
(8, 8, 0, 1, 1, '2019-04-18 15:04:32', 1, '2019-04-18 15:04:32', 0, ''),
(9, 1, 0, 2, 1, '2019-04-18 15:07:17', 1, '2019-04-18 15:07:17', 0, ''),
(10, 2, 0, 2, 1, '2019-04-18 15:07:17', 1, '2019-04-18 15:07:17', 0, ''),
(11, 3, 0, 2, 1, '2019-04-18 15:07:17', 1, '2019-04-18 15:07:17', 0, ''),
(12, 4, 0, 2, 1, '2019-04-18 15:07:17', 1, '2019-04-18 15:07:17', 0, ''),
(13, 5, 0, 2, 1, '2019-04-18 15:07:17', 1, '2019-04-18 15:07:17', 0, ''),
(14, 6, 0, 2, 1, '2019-04-18 15:07:17', 1, '2019-04-18 15:07:17', 0, ''),
(15, 7, 0, 2, 1, '2019-04-18 15:07:17', 1, '2019-04-18 15:07:17', 0, ''),
(16, 8, 0, 2, 1, '2019-04-18 15:07:17', 1, '2019-04-18 15:07:17', 0, ''),
(17, 1, 0, 3, 1, '2019-04-18 15:08:24', 1, '2019-04-18 15:08:24', 0, ''),
(18, 2, 0, 3, 1, '2019-04-18 15:08:24', 1, '2019-04-18 15:08:24', 0, ''),
(19, 3, 0, 3, 1, '2019-04-18 15:08:24', 1, '2019-04-18 15:08:24', 0, ''),
(20, 4, 0, 3, 1, '2019-04-18 15:08:24', 1, '2019-04-18 15:08:24', 0, ''),
(21, 5, 0, 3, 1, '2019-04-18 15:08:24', 1, '2019-04-18 15:08:24', 0, ''),
(22, 6, 0, 3, 1, '2019-04-18 15:08:24', 1, '2019-04-18 15:08:24', 0, ''),
(23, 7, 0, 3, 1, '2019-04-18 15:08:24', 1, '2019-04-18 15:08:24', 0, ''),
(24, 8, 0, 3, 1, '2019-04-18 15:08:24', 1, '2019-04-18 15:08:24', 0, ''),
(25, 1, 0, 4, 1, '2019-04-18 15:09:43', 1, '2019-04-18 15:09:43', 0, ''),
(26, 2, 0, 4, 1, '2019-04-18 15:09:43', 1, '2019-04-18 15:09:43', 0, ''),
(27, 3, 0, 4, 1, '2019-04-18 15:09:43', 1, '2019-04-18 15:09:43', 0, ''),
(28, 4, 0, 4, 1, '2019-04-18 15:09:43', 1, '2019-04-18 15:09:43', 0, ''),
(29, 5, 0, 4, 1, '2019-04-18 15:09:43', 1, '2019-04-18 15:09:43', 0, ''),
(30, 6, 0, 4, 1, '2019-04-18 15:09:43', 1, '2019-04-18 15:09:43', 0, ''),
(31, 7, 0, 4, 1, '2019-04-18 15:09:43', 1, '2019-04-18 15:09:43', 0, ''),
(32, 8, 0, 4, 1, '2019-04-18 15:09:43', 1, '2019-04-18 15:09:43', 0, ''),
(33, 1, 0, 5, 1, '2019-04-18 15:10:28', 1, '2019-04-18 15:10:28', 0, ''),
(34, 2, 0, 5, 1, '2019-04-18 15:10:28', 1, '2019-04-18 15:10:28', 0, ''),
(35, 3, 0, 5, 1, '2019-04-18 15:10:28', 1, '2019-04-18 15:10:28', 0, ''),
(36, 4, 0, 5, 1, '2019-04-18 15:10:28', 1, '2019-04-18 15:10:28', 0, ''),
(37, 5, 0, 5, 1, '2019-04-18 15:10:28', 1, '2019-04-18 15:10:28', 0, ''),
(38, 6, 0, 5, 1, '2019-04-18 15:10:28', 1, '2019-04-18 15:10:28', 0, ''),
(39, 7, 0, 5, 1, '2019-04-18 15:10:28', 1, '2019-04-18 15:10:28', 0, ''),
(40, 8, 0, 5, 1, '2019-04-18 15:10:28', 1, '2019-04-18 15:10:28', 0, ''),
(54, 1, 0, 5, 1, '2019-06-18 14:51:19', 1, '2019-06-18 14:51:19', 0, '');

-- --------------------------------------------------------

--
-- Table structure for table `student`
--

CREATE TABLE `student` (
  `student_id` int(11) NOT NULL,
  `user_id` int(11) NOT NULL,
  `semester_id` int(11) NOT NULL,
  `batch_id` int(11) NOT NULL,
  `created_by` int(11) NOT NULL,
  `created_at` timestamp NOT NULL DEFAULT CURRENT_TIMESTAMP,
  `updated_by` int(11) NOT NULL,
  `updated_at` timestamp NOT NULL DEFAULT CURRENT_TIMESTAMP,
  `deleted` tinyint(4) NOT NULL DEFAULT '0',
  `additional_description` varchar(255) DEFAULT NULL
) ENGINE=InnoDB DEFAULT CHARSET=latin1;

--
-- Dumping data for table `student`
--

INSERT INTO `student` (`student_id`, `user_id`, `semester_id`, `batch_id`, `created_by`, `created_at`, `updated_by`, `updated_at`, `deleted`, `additional_description`) VALUES
(1, 31, 1, 1, 1, '2019-04-19 11:49:26', 1, '2019-04-19 11:49:26', 0, ''),
(2, 32, 1, 1, 1, '2019-04-19 11:49:27', 1, '2019-04-19 11:49:27', 0, ''),
(3, 33, 1, 1, 1, '2019-04-19 11:49:27', 1, '2019-04-19 11:49:27', 0, ''),
(4, 34, 1, 1, 1, '2019-04-19 11:49:27', 1, '2019-04-19 11:49:27', 0, ''),
(5, 35, 1, 1, 1, '2019-04-19 11:49:27', 1, '2019-04-19 11:49:27', 0, ''),
(6, 36, 1, 1, 1, '2019-04-19 11:49:28', 1, '2019-04-19 11:49:28', 0, ''),
(7, 37, 1, 1, 1, '2019-04-19 11:49:28', 1, '2019-04-19 11:49:28', 0, ''),
(8, 38, 1, 1, 1, '2019-04-19 11:49:28', 1, '2019-04-19 11:49:28', 0, ''),
(9, 39, 1, 1, 1, '2019-04-19 11:49:28', 1, '2019-04-19 11:49:28', 0, ''),
(10, 40, 1, 1, 1, '2019-04-19 11:49:29', 1, '2019-04-19 11:49:29', 0, ''),
(11, 41, 1, 1, 1, '2019-04-19 11:49:29', 1, '2019-04-19 11:49:29', 0, ''),
(12, 42, 1, 1, 1, '2019-04-19 11:49:29', 1, '2019-04-19 11:49:29', 0, ''),
(13, 43, 1, 1, 1, '2019-04-19 11:49:29', 1, '2019-04-19 11:49:29', 0, ''),
(14, 44, 1, 1, 1, '2019-04-19 11:49:30', 1, '2019-04-19 11:49:30', 0, ''),
(15, 45, 1, 1, 1, '2019-04-19 11:49:30', 1, '2019-04-19 11:49:30', 0, ''),
(16, 46, 1, 2, 1, '2019-04-19 11:49:30', 1, '2019-04-19 11:49:30', 0, ''),
(17, 47, 1, 2, 1, '2019-04-19 11:49:30', 1, '2019-04-19 11:49:30', 0, ''),
(18, 48, 1, 2, 1, '2019-04-19 11:49:30', 1, '2019-04-19 11:49:30', 0, ''),
(19, 49, 1, 2, 1, '2019-04-19 11:49:31', 1, '2019-04-19 11:49:31', 0, ''),
(20, 50, 1, 2, 1, '2019-04-19 11:49:31', 1, '2019-04-19 11:49:31', 0, ''),
(21, 51, 1, 2, 1, '2019-04-19 11:49:31', 1, '2019-04-19 11:49:31', 0, ''),
(22, 52, 1, 2, 1, '2019-04-19 11:49:31', 1, '2019-04-19 11:49:31', 0, ''),
(23, 53, 1, 2, 1, '2019-04-19 11:49:31', 1, '2019-04-19 11:49:31', 0, ''),
(24, 54, 1, 2, 1, '2019-04-19 11:49:32', 1, '2019-04-19 11:49:32', 0, ''),
(25, 55, 1, 2, 1, '2019-04-19 11:49:32', 1, '2019-04-19 11:49:32', 0, ''),
(26, 56, 1, 2, 1, '2019-04-19 11:49:32', 1, '2019-04-19 11:49:32', 0, ''),
(27, 57, 1, 2, 1, '2019-04-19 11:49:32', 1, '2019-04-19 11:49:32', 0, ''),
(28, 58, 1, 2, 1, '2019-04-19 11:49:32', 1, '2019-04-19 11:49:32', 0, ''),
(29, 59, 1, 2, 1, '2019-04-19 11:49:33', 1, '2019-04-19 11:49:33', 0, ''),
(30, 60, 1, 2, 1, '2019-04-19 11:49:33', 1, '2019-04-19 11:49:33', 0, '');

-- --------------------------------------------------------

--
-- Table structure for table `subject`
--

CREATE TABLE `subject` (
  `subject_id` int(11) NOT NULL,
  `semester_id` int(11) NOT NULL,
  `subject_name` varchar(255) NOT NULL,
  `created_by` int(11) NOT NULL,
  `created_at` timestamp NOT NULL DEFAULT CURRENT_TIMESTAMP,
  `updated_by` int(11) NOT NULL,
  `updated_at` timestamp NOT NULL DEFAULT CURRENT_TIMESTAMP,
  `deleted` tinyint(4) NOT NULL DEFAULT '0',
  `additional_description` varchar(255) DEFAULT NULL
) ENGINE=InnoDB DEFAULT CHARSET=latin1;

--
-- Dumping data for table `subject`
--

INSERT INTO `subject` (`subject_id`, `semester_id`, `subject_name`, `created_by`, `created_at`, `updated_by`, `updated_at`, `deleted`, `additional_description`) VALUES
(1, 1, 'Maths', 1, '2019-04-19 12:05:28', 1, '2019-04-19 12:05:28', 0, ''),
(2, 3, 'CGR', 1, '2019-04-19 12:05:28', 1, '2019-04-19 12:05:28', 0, ''),
(3, 1, 'English', 1, '2019-04-19 12:05:28', 1, '2019-04-19 12:05:28', 0, ''),
(4, 3, 'C', 1, '2019-04-19 12:05:28', 1, '2019-04-19 12:05:28', 0, ''),
(5, 1, 'Physics', 1, '2019-04-19 12:05:29', 1, '2019-04-19 12:05:29', 0, ''),
(6, 3, 'Electronics', 1, '2019-04-19 12:05:29', 1, '2019-04-19 12:05:29', 0, ''),
(7, 5, 'Analysis of algorithm', 1, '2019-04-19 12:05:29', 1, '2019-04-19 12:05:29', 0, ''),
(8, 7, 'Computer organisation', 1, '2019-04-19 12:05:29', 1, '2019-04-19 12:05:29', 0, ''),
(9, 5, 'Python', 1, '2019-04-19 12:05:30', 1, '2019-04-19 12:05:30', 0, ''),
(10, 7, 'Computer Networks', 1, '2019-04-19 12:05:30', 1, '2019-04-19 12:05:30', 0, ''),
(11, 1, 'Operating Systems', 1, '2019-04-19 12:05:30', 1, '2019-04-19 12:05:30', 0, ''),
(12, 3, 'Database systems', 1, '2019-04-19 12:05:30', 1, '2019-04-19 12:05:30', 0, ''),
(13, 1, 'System Programming', 1, '2019-04-19 12:05:30', 1, '2019-04-19 12:05:30', 0, ''),
(14, 3, 'Microprocessor', 1, '2019-04-19 12:05:31', 1, '2019-04-19 12:05:31', 0, ''),
(15, 5, 'Web Development', 1, '2019-04-19 12:05:31', 1, '2019-04-19 12:05:31', 0, ''),
(16, 7, 'PHP', 1, '2019-04-19 12:05:31', 1, '2019-04-19 12:05:31', 0, ''),
(17, 5, 'Advanced Microprocessor', 1, '2019-04-19 12:05:32', 1, '2019-04-19 12:05:32', 0, ''),
(18, 7, 'Data Structures', 1, '2019-04-19 12:05:32', 1, '2019-04-19 12:05:32', 0, ''),
(19, 1, 'Chemistry', 1, '2019-04-19 12:05:32', 1, '2019-04-19 12:05:32', 0, ''),
(20, 1, 'Java', 1, '2019-04-19 12:05:32', 1, '2019-04-19 12:05:32', 0, '');

-- --------------------------------------------------------

--
-- Table structure for table `teacher`
--

CREATE TABLE `teacher` (
  `teacher_id` int(11) NOT NULL,
  `user_id` int(11) NOT NULL,
  `created_by` int(11) NOT NULL,
  `created_at` timestamp NOT NULL DEFAULT CURRENT_TIMESTAMP,
  `updated_by` int(11) NOT NULL,
  `updated_at` timestamp NOT NULL DEFAULT CURRENT_TIMESTAMP,
  `deleted` tinyint(4) NOT NULL DEFAULT '0',
  `additional_description` varchar(255) DEFAULT NULL
) ENGINE=InnoDB DEFAULT CHARSET=latin1;

--
-- Dumping data for table `teacher`
--

INSERT INTO `teacher` (`teacher_id`, `user_id`, `created_by`, `created_at`, `updated_by`, `updated_at`, `deleted`, `additional_description`) VALUES
(1, 2, 1, '2019-04-21 08:25:13', 1, '2019-04-21 08:25:13', 0, ''),
(2, 3, 1, '2019-04-21 08:25:13', 1, '2019-04-21 08:25:13', 0, ''),
(3, 4, 1, '2019-04-21 08:25:13', 1, '2019-04-21 08:25:13', 0, ''),
(4, 5, 1, '2019-04-21 08:25:13', 1, '2019-04-21 08:25:13', 0, ''),
(5, 6, 1, '2019-04-21 08:25:13', 1, '2019-04-21 08:25:13', 0, ''),
(6, 7, 1, '2019-04-21 08:25:13', 1, '2019-04-21 08:25:13', 0, ''),
(7, 8, 1, '2019-04-21 08:25:13', 1, '2019-04-21 08:25:13', 0, ''),
(8, 9, 1, '2019-04-21 08:25:13', 1, '2019-04-21 08:25:13', 0, ''),
(9, 10, 1, '2019-04-21 08:25:13', 1, '2019-04-21 08:25:13', 0, ''),
(10, 11, 1, '2019-04-21 08:25:13', 1, '2019-04-21 08:25:13', 0, ''),
(11, 12, 1, '2019-04-21 08:25:13', 1, '2019-04-21 08:25:13', 0, ''),
(12, 13, 1, '2019-04-21 08:25:13', 1, '2019-04-21 08:25:13', 0, ''),
(13, 14, 1, '2019-04-21 08:25:13', 1, '2019-04-21 08:25:13', 0, ''),
(14, 15, 1, '2019-04-21 08:25:13', 1, '2019-04-21 08:25:13', 0, ''),
(15, 16, 1, '2019-04-21 08:25:13', 1, '2019-04-21 08:25:13', 0, ''),
(16, 17, 1, '2019-04-21 08:25:13', 1, '2019-04-21 08:25:13', 0, ''),
(17, 18, 1, '2019-04-21 08:25:13', 1, '2019-04-21 08:25:13', 0, ''),
(18, 19, 1, '2019-04-21 08:25:13', 1, '2019-04-21 08:25:13', 0, ''),
(19, 20, 1, '2019-04-21 08:25:13', 1, '2019-04-21 08:25:13', 0, ''),
(20, 21, 1, '2019-04-21 08:25:13', 1, '2019-04-21 08:25:13', 0, ''),
(21, 22, 1, '2019-04-21 08:25:13', 1, '2019-04-21 08:25:13', 0, ''),
(22, 23, 1, '2019-04-21 08:25:13', 1, '2019-04-21 08:25:13', 0, ''),
(23, 24, 1, '2019-04-21 08:25:13', 1, '2019-04-21 08:25:13', 0, ''),
(24, 25, 1, '2019-04-21 08:25:13', 1, '2019-04-21 08:25:13', 0, ''),
(25, 26, 1, '2019-04-21 08:25:13', 1, '2019-04-21 08:25:13', 0, ''),
(26, 27, 1, '2019-04-21 08:25:13', 1, '2019-04-21 08:25:13', 0, ''),
(27, 28, 1, '2019-04-21 08:25:13', 1, '2019-04-21 08:25:13', 0, ''),
(28, 29, 1, '2019-04-21 08:25:13', 1, '2019-04-21 08:25:13', 0, ''),
(29, 30, 1, '2019-04-21 08:25:13', 1, '2019-04-21 08:25:13', 0, '');

-- --------------------------------------------------------

--
-- Table structure for table `teaches`
--

CREATE TABLE `teaches` (
  `teacher_id` int(11) NOT NULL,
  `division_id` int(11) NOT NULL,
  `subject_id` int(11) NOT NULL,
  `batch_id` int(11) NOT NULL,
  `created_by` int(11) NOT NULL,
  `created_at` timestamp NOT NULL DEFAULT CURRENT_TIMESTAMP,
  `updated_by` int(11) NOT NULL,
  `updated_at` timestamp NOT NULL DEFAULT CURRENT_TIMESTAMP,
  `deleted` tinyint(4) NOT NULL DEFAULT '0',
  `additional_description` varchar(255) DEFAULT NULL
) ENGINE=InnoDB DEFAULT CHARSET=latin1;

--
-- Dumping data for table `teaches`
--

INSERT INTO `teaches` (`teacher_id`, `division_id`, `subject_id`, `batch_id`, `created_by`, `created_at`, `updated_by`, `updated_at`, `deleted`, `additional_description`) VALUES
(1, 1, 20, 1, 1, '2019-04-19 12:47:31', 1, '2019-04-19 12:47:31', 0, ''),
(2, 1, 3, 2, 1, '2019-04-19 12:47:31', 1, '2019-04-19 12:47:31', 0, ''),
(3, 2, 5, 1, 1, '2019-04-19 12:47:31', 1, '2019-04-19 12:47:31', 0, ''),
(4, 2, 7, 2, 1, '2019-04-19 12:47:32', 1, '2019-04-19 12:47:32', 0, ''),
(5, 3, 9, 1, 1, '2019-04-19 12:47:32', 1, '2019-04-19 12:47:32', 0, ''),
(6, 1, 11, 2, 1, '2019-04-19 12:47:32', 1, '2019-04-19 12:47:32', 0, ''),
(7, 4, 13, 1, 1, '2019-04-19 12:47:32', 1, '2019-04-19 12:47:32', 0, ''),
(8, 4, 15, 2, 1, '2019-04-19 12:47:33', 1, '2019-04-19 12:47:33', 0, ''),
(9, 5, 17, 1, 1, '2019-04-19 12:47:33', 1, '2019-04-19 12:47:33', 0, ''),
(10, 5, 19, 2, 1, '2019-04-19 12:47:33', 1, '2019-04-19 12:47:33', 0, ''),
(1, 1, 20, 2, 1, '2019-04-21 09:20:23', 1, '2019-04-21 09:20:23', 0, ''),
(2, 1, 4, 2, 1, '2019-06-19 13:37:25', 1, '2019-06-19 13:37:25', 0, '');

-- --------------------------------------------------------

--
-- Table structure for table `test`
--

CREATE TABLE `test` (
  `test_id` int(11) NOT NULL,
  `test_name` varchar(255) NOT NULL,
  `teacher_id` int(11) NOT NULL,
  `duration` time NOT NULL,
  `passing_marks` int(11) NOT NULL,
  `total_marks` int(11) NOT NULL,
  `start_time` datetime NOT NULL,
  `end_time` datetime NOT NULL,
  `type` varchar(255) NOT NULL,
  `negative_marks` int(11) NOT NULL,
  `subject` varchar(255) NOT NULL,
  `created_by` int(11) NOT NULL,
  `created_at` timestamp NOT NULL DEFAULT CURRENT_TIMESTAMP,
  `updated_by` int(11) NOT NULL,
  `updated_at` timestamp NOT NULL DEFAULT CURRENT_TIMESTAMP,
  `deleted` tinyint(4) NOT NULL DEFAULT '0',
  `additional_description` varchar(255) DEFAULT NULL
) ENGINE=InnoDB DEFAULT CHARSET=latin1;

--
-- Dumping data for table `test`
--

INSERT INTO `test` (`test_id`, `test_name`, `teacher_id`, `duration`, `passing_marks`, `total_marks`, `start_time`, `end_time`, `type`, `negative_marks`, `subject`, `created_by`, `created_at`, `updated_by`, `updated_at`, `deleted`, `additional_description`) VALUES
(1, 'Java overview', 1, '00:15:00', 4, 15, '2019-04-22 13:00:00', '2019-04-21 13:15:00', '0', 0, '20', 2, '2019-04-21 09:37:49', 2, '2019-04-21 09:37:49', 0, ''),
(2, 'operating systems', 6, '00:10:00', 3, 10, '2019-04-24 13:00:00', '2019-04-24 13:10:00', '0', 0, '11', 7, '2019-04-22 11:11:58', 7, '2019-04-22 11:11:58', 0, '');

-- --------------------------------------------------------

--
-- Table structure for table `test_chapter`
--

CREATE TABLE `test_chapter` (
  `test_id` int(11) NOT NULL,
  `chapter_id` int(11) NOT NULL
) ENGINE=InnoDB DEFAULT CHARSET=latin1;

--
-- Dumping data for table `test_chapter`
--

INSERT INTO `test_chapter` (`test_id`, `chapter_id`) VALUES
(1, 39),
(2, 21);

-- --------------------------------------------------------

--
-- Table structure for table `test_participants`
--

CREATE TABLE `test_participants` (
  `test_id` int(11) NOT NULL,
  `student_id` int(11) NOT NULL,
  `created_by` int(11) NOT NULL,
  `created_at` timestamp NOT NULL DEFAULT CURRENT_TIMESTAMP,
  `updated_by` int(11) NOT NULL,
  `updated_at` timestamp NOT NULL DEFAULT CURRENT_TIMESTAMP,
  `deleted` tinyint(4) NOT NULL DEFAULT '0',
  `additional_description` varchar(255) DEFAULT NULL
) ENGINE=InnoDB DEFAULT CHARSET=latin1;

--
-- Dumping data for table `test_participants`
--

INSERT INTO `test_participants` (`test_id`, `student_id`, `created_by`, `created_at`, `updated_by`, `updated_at`, `deleted`, `additional_description`) VALUES
(1, 1, 2, '2019-04-21 09:43:18', 2, '2019-04-21 09:43:18', 0, ''),
(1, 2, 2, '2019-04-21 09:43:18', 2, '2019-04-21 09:43:18', 0, ''),
(1, 3, 2, '2019-04-21 09:43:18', 2, '2019-04-21 09:43:18', 0, ''),
(1, 4, 2, '2019-04-21 09:43:18', 2, '2019-04-21 09:43:18', 0, ''),
(1, 5, 2, '2019-04-21 09:43:18', 2, '2019-04-21 09:43:18', 0, ''),
(1, 6, 2, '2019-04-21 09:43:18', 2, '2019-04-21 09:43:18', 0, ''),
(1, 7, 2, '2019-04-21 09:43:18', 2, '2019-04-21 09:43:18', 0, ''),
(1, 8, 2, '2019-04-21 09:43:18', 2, '2019-04-21 09:43:18', 0, ''),
(1, 9, 2, '2019-04-21 09:43:18', 2, '2019-04-21 09:43:18', 0, ''),
(1, 10, 2, '2019-04-21 09:43:18', 2, '2019-04-21 09:43:18', 0, ''),
(1, 11, 2, '2019-04-21 09:43:18', 2, '2019-04-21 09:43:18', 0, ''),
(1, 12, 2, '2019-04-21 09:43:18', 2, '2019-04-21 09:43:18', 0, ''),
(1, 13, 2, '2019-04-21 09:43:18', 2, '2019-04-21 09:43:18', 0, ''),
(1, 14, 2, '2019-04-21 09:43:18', 2, '2019-04-21 09:43:18', 0, ''),
(1, 15, 2, '2019-04-21 09:43:18', 2, '2019-04-21 09:43:18', 0, ''),
(1, 16, 2, '2019-04-21 09:43:18', 2, '2019-04-21 09:43:18', 0, ''),
(1, 17, 2, '2019-04-21 09:43:18', 2, '2019-04-21 09:43:18', 0, ''),
(1, 18, 2, '2019-04-21 09:43:18', 2, '2019-04-21 09:43:18', 0, ''),
(1, 19, 2, '2019-04-21 09:43:18', 2, '2019-04-21 09:43:18', 0, ''),
(1, 20, 2, '2019-04-21 09:43:18', 2, '2019-04-21 09:43:18', 0, ''),
(1, 21, 2, '2019-04-21 09:43:18', 2, '2019-04-21 09:43:18', 0, ''),
(1, 22, 2, '2019-04-21 09:43:18', 2, '2019-04-21 09:43:18', 0, ''),
(1, 23, 2, '2019-04-21 09:43:18', 2, '2019-04-21 09:43:18', 0, ''),
(1, 24, 2, '2019-04-21 09:43:18', 2, '2019-04-21 09:43:18', 0, ''),
(1, 25, 2, '2019-04-21 09:43:18', 2, '2019-04-21 09:43:18', 0, ''),
(1, 26, 2, '2019-04-21 09:43:18', 2, '2019-04-21 09:43:18', 0, ''),
(1, 27, 2, '2019-04-21 09:43:18', 2, '2019-04-21 09:43:18', 0, ''),
(1, 28, 2, '2019-04-21 09:43:18', 2, '2019-04-21 09:43:18', 0, ''),
(1, 29, 2, '2019-04-21 09:43:18', 2, '2019-04-21 09:43:18', 0, ''),
(1, 30, 2, '2019-04-21 09:43:18', 2, '2019-04-21 09:43:18', 0, ''),
(2, 16, 7, '2019-04-22 11:15:12', 7, '2019-04-22 11:15:12', 0, ''),
(2, 17, 7, '2019-04-22 11:15:12', 7, '2019-04-22 11:15:12', 0, ''),
(2, 18, 7, '2019-04-22 11:18:38', 7, '2019-04-22 11:18:38', 0, ''),
(2, 19, 7, '2019-04-22 11:18:38', 7, '2019-04-22 11:18:38', 0, ''),
(2, 20, 7, '2019-04-22 11:21:07', 7, '2019-04-22 11:21:07', 0, ''),
(2, 21, 7, '2019-04-22 11:21:07', 7, '2019-04-22 11:21:07', 0, ''),
(2, 22, 7, '2019-04-22 11:21:07', 7, '2019-04-22 11:21:07', 0, ''),
(2, 23, 7, '2019-04-22 11:21:07', 7, '2019-04-22 11:21:07', 0, ''),
(2, 24, 7, '2019-04-22 11:21:07', 7, '2019-04-22 11:21:07', 0, ''),
(2, 25, 7, '2019-04-22 11:21:41', 7, '2019-04-22 11:21:41', 0, ''),
(2, 26, 7, '2019-04-22 11:23:53', 7, '2019-04-22 11:23:53', 0, ''),
(2, 27, 7, '2019-04-22 11:23:53', 7, '2019-04-22 11:23:53', 0, ''),
(2, 28, 7, '2019-04-22 11:23:53', 7, '2019-04-22 11:23:53', 0, ''),
(2, 29, 7, '2019-04-22 11:23:53', 7, '2019-04-22 11:23:53', 0, ''),
(2, 30, 7, '2019-04-22 11:23:53', 7, '2019-04-22 11:23:53', 0, '');

-- --------------------------------------------------------

--
-- Table structure for table `test_questions`
--

CREATE TABLE `test_questions` (
  `test_id` int(11) NOT NULL,
  `subject_id` int(11) NOT NULL,
  `question_id` int(11) NOT NULL,
  `created_by` int(11) NOT NULL,
  `created_at` timestamp NOT NULL DEFAULT CURRENT_TIMESTAMP,
  `updated_by` int(11) NOT NULL,
  `updated_at` timestamp NOT NULL DEFAULT CURRENT_TIMESTAMP,
  `deleted` tinyint(4) NOT NULL DEFAULT '0',
  `additional_description` varchar(255) DEFAULT NULL
) ENGINE=InnoDB DEFAULT CHARSET=latin1;

--
-- Dumping data for table `test_questions`
--

INSERT INTO `test_questions` (`test_id`, `subject_id`, `question_id`, `created_by`, `created_at`, `updated_by`, `updated_at`, `deleted`, `additional_description`) VALUES
(1, 20, 1, 2, '2019-04-21 09:48:35', 2, '2019-04-21 09:48:35', 0, ''),
(1, 20, 3, 2, '2019-04-21 09:48:35', 2, '2019-04-21 09:48:35', 0, ''),
(1, 20, 5, 2, '2019-04-21 09:51:01', 2, '2019-04-21 09:51:01', 0, ''),
(1, 20, 7, 2, '2019-04-21 09:51:01', 2, '2019-04-21 09:51:01', 0, ''),
(1, 20, 9, 2, '2019-04-21 09:51:39', 2, '2019-04-21 09:51:39', 0, ''),
(1, 20, 11, 2, '2019-04-21 09:51:39', 2, '2019-04-21 09:51:39', 0, ''),
(1, 20, 13, 2, '2019-04-21 09:52:09', 2, '2019-04-21 09:52:09', 0, ''),
(1, 20, 15, 2, '2019-04-21 09:52:09', 2, '2019-04-21 09:52:09', 0, ''),
(1, 20, 17, 2, '2019-04-21 09:53:02', 2, '2019-04-21 09:53:02', 0, ''),
(1, 20, 19, 2, '2019-04-21 09:53:02', 2, '2019-04-21 09:53:02', 0, ''),
(2, 11, 21, 7, '2019-04-22 11:30:15', 7, '2019-04-22 11:30:15', 0, ''),
(2, 11, 23, 7, '2019-04-22 11:30:15', 7, '2019-04-22 11:30:15', 0, ''),
(2, 11, 25, 7, '2019-04-22 11:30:15', 7, '2019-04-22 11:30:15', 0, ''),
(2, 11, 27, 7, '2019-04-22 11:30:15', 7, '2019-04-22 11:30:15', 0, ''),
(2, 11, 29, 7, '2019-04-22 11:30:15', 7, '2019-04-22 11:30:15', 0, ''),
(2, 11, 31, 7, '2019-04-22 11:34:49', 7, '2019-04-22 11:34:49', 0, ''),
(2, 11, 33, 7, '2019-04-22 11:34:49', 7, '2019-04-22 11:34:49', 0, ''),
(2, 11, 35, 7, '2019-04-22 11:34:49', 7, '2019-04-22 11:34:49', 0, ''),
(2, 11, 37, 7, '2019-04-22 11:34:49', 7, '2019-04-22 11:34:49', 0, ''),
(2, 11, 39, 7, '2019-04-22 11:34:49', 7, '2019-04-22 11:34:49', 0, ''),
(2, 11, 41, 7, '2019-04-22 11:34:49', 7, '2019-04-22 11:34:49', 1, '');

-- --------------------------------------------------------

--
-- Table structure for table `test_user_response`
--

CREATE TABLE `test_user_response` (
  `user_response_id` int(11) NOT NULL,
  `question_id` int(11) NOT NULL,
  `option_id` int(11) NOT NULL,
  `additional_description` varchar(255) DEFAULT NULL
) ENGINE=InnoDB DEFAULT CHARSET=latin1;

--
-- Dumping data for table `test_user_response`
--

INSERT INTO `test_user_response` (`user_response_id`, `question_id`, `option_id`, `additional_description`) VALUES
(1, 21, 124, ''),
(1, 23, 134, ''),
(1, 25, 144, ''),
(1, 27, 154, ''),
(1, 29, 165, ''),
(1, 31, 176, ''),
(1, 33, 186, ''),
(1, 35, 196, ''),
(1, 37, 206, ''),
(1, 39, 216, ''),
(2, 21, 124, ''),
(2, 23, 134, ''),
(2, 25, 144, ''),
(2, 27, 154, ''),
(2, 29, 165, ''),
(2, 31, 176, ''),
(2, 33, 186, ''),
(2, 35, 196, ''),
(2, 37, 206, ''),
(2, 39, 216, ''),
(3, 21, 124, ''),
(3, 23, 134, ''),
(3, 25, 143, ''),
(3, 27, 154, ''),
(3, 29, 165, ''),
(3, 31, 173, ''),
(3, 33, 183, ''),
(3, 35, 193, ''),
(3, 37, 203, ''),
(3, 39, 216, ''),
(4, 21, 124, ''),
(4, 23, 134, ''),
(4, 25, 144, ''),
(4, 27, 152, ''),
(4, 29, 162, ''),
(4, 31, 172, ''),
(4, 33, 183, ''),
(4, 35, 193, ''),
(4, 37, 203, ''),
(4, 39, 213, ''),
(5, 21, 124, ''),
(5, 23, 134, ''),
(5, 25, 144, ''),
(5, 27, 154, ''),
(5, 29, 165, ''),
(5, 31, 173, ''),
(5, 33, 186, ''),
(5, 35, 196, ''),
(5, 37, 206, ''),
(5, 39, 216, ''),
(6, 21, 121, ''),
(6, 23, 132, ''),
(6, 25, 144, ''),
(6, 27, 154, ''),
(6, 29, 163, ''),
(6, 31, 173, ''),
(6, 33, 184, ''),
(6, 35, 196, ''),
(6, 37, 206, ''),
(6, 39, 216, ''),
(7, 21, 124, ''),
(7, 23, 134, ''),
(7, 25, 144, ''),
(7, 27, 153, ''),
(7, 29, 165, ''),
(7, 31, 176, ''),
(7, 33, 186, ''),
(7, 35, 194, ''),
(7, 37, 206, ''),
(7, 39, 216, ''),
(8, 21, 124, ''),
(8, 23, 134, ''),
(8, 25, 144, ''),
(8, 27, 154, ''),
(8, 29, 165, ''),
(8, 31, 176, ''),
(8, 33, 186, ''),
(8, 35, 196, ''),
(8, 37, 206, ''),
(8, 39, 216, ''),
(9, 21, 124, ''),
(9, 23, 134, ''),
(9, 25, 144, ''),
(9, 27, 154, ''),
(9, 29, 163, ''),
(9, 31, 175, ''),
(9, 33, 186, ''),
(9, 35, 192, ''),
(9, 37, 206, ''),
(9, 39, 216, ''),
(10, 21, 124, ''),
(10, 23, 134, ''),
(10, 25, 144, ''),
(10, 27, 154, ''),
(10, 29, 165, ''),
(10, 31, 176, ''),
(10, 33, 186, ''),
(10, 35, 196, ''),
(10, 37, 206, ''),
(10, 39, 216, ''),
(11, 21, 124, ''),
(11, 23, 134, ''),
(11, 25, 143, ''),
(11, 27, 154, ''),
(11, 29, 165, ''),
(11, 31, 173, ''),
(11, 33, 183, ''),
(11, 35, 193, ''),
(11, 37, 203, ''),
(11, 39, 216, ''),
(12, 21, 124, ''),
(12, 23, 134, ''),
(12, 25, 144, ''),
(12, 27, 152, ''),
(12, 29, 162, ''),
(12, 31, 172, ''),
(12, 33, 183, ''),
(12, 35, 193, ''),
(12, 37, 203, ''),
(12, 39, 213, ''),
(13, 21, 123, ''),
(13, 23, 134, ''),
(13, 25, 144, ''),
(13, 27, 152, ''),
(13, 29, 162, ''),
(13, 31, 172, ''),
(13, 33, 183, ''),
(13, 35, 193, ''),
(13, 37, 203, ''),
(13, 39, 213, ''),
(14, 21, 124, ''),
(14, 23, 134, ''),
(14, 25, 144, ''),
(14, 27, 154, ''),
(14, 29, 163, ''),
(14, 31, 175, ''),
(14, 33, 186, ''),
(14, 35, 192, ''),
(14, 37, 206, ''),
(14, 39, 216, ''),
(15, 21, 124, ''),
(15, 23, 134, ''),
(15, 25, 144, ''),
(15, 27, 152, ''),
(15, 29, 162, ''),
(15, 31, 172, ''),
(15, 33, 183, ''),
(15, 35, 193, ''),
(15, 37, 203, '');

-- --------------------------------------------------------

--
-- Table structure for table `user`
--

CREATE TABLE `user` (
  `user_id` int(11) NOT NULL,
  `person_id` int(11) NOT NULL,
  `role_id` int(11) NOT NULL,
  `username` varchar(255) NOT NULL,
  `password` varchar(255) NOT NULL,
  `created_by` int(11) NOT NULL,
  `created_at` timestamp NOT NULL DEFAULT CURRENT_TIMESTAMP,
  `updated_by` int(11) NOT NULL,
  `updated_at` timestamp NOT NULL DEFAULT CURRENT_TIMESTAMP,
  `deleted` tinyint(4) NOT NULL DEFAULT '0',
  `additional_description` varchar(255) DEFAULT NULL
) ENGINE=InnoDB DEFAULT CHARSET=latin1;

--
-- Dumping data for table `user`
--

INSERT INTO `user` (`user_id`, `person_id`, `role_id`, `username`, `password`, `created_by`, `created_at`, `updated_by`, `updated_at`, `deleted`, `additional_description`) VALUES
(1, 1, 4, 'sakshi', '123456', 1, '2019-04-18 14:22:44', 1, '2019-04-18 14:22:44', 0, ''),
(2, 2, 1, 'kennedy', '123456', 1, '2019-04-18 14:22:44', 1, '2019-04-18 14:22:44', 0, ''),
(3, 3, 1, 'Stacey', 'PVP11DTD0HF', 1, '2019-04-18 14:22:44', 1, '2019-04-18 14:22:44', 0, ''),
(4, 4, 1, 'Brenden', 'WDL83XAJ7EY', 1, '2019-04-18 14:22:44', 1, '2019-04-18 14:22:44', 0, ''),
(5, 5, 1, 'Dai', 'QRG60NMQ4IV', 1, '2019-04-18 14:22:44', 1, '2019-04-18 14:22:44', 0, ''),
(6, 6, 1, 'Duncan', 'IZY24EHU5BU', 1, '2019-04-18 14:22:44', 1, '2019-04-18 14:22:44', 0, ''),
(7, 7, 1, 'Germane', 'UBR39CXL8PN', 1, '2019-04-18 14:22:44', 1, '2019-04-18 14:22:44', 0, ''),
(8, 8, 1, 'Chadwick', 'IHG51RDP2RL', 1, '2019-04-18 14:22:44', 1, '2019-04-18 14:22:44', 0, ''),
(9, 9, 1, 'Jason', 'KMB11NQM7SW', 1, '2019-04-18 14:22:44', 1, '2019-04-18 14:22:44', 0, ''),
(10, 10, 1, 'Wanda', 'ELA57LKY3EW', 1, '2019-04-18 14:22:44', 1, '2019-04-18 14:22:44', 0, ''),
(11, 11, 1, 'Madeline', 'YRN87LSL2AS', 1, '2019-04-18 14:22:44', 1, '2019-04-18 14:22:44', 0, ''),
(12, 12, 1, 'Kristen', 'BBI13HXO6XU', 1, '2019-04-18 14:22:44', 1, '2019-04-18 14:22:44', 0, ''),
(13, 13, 1, 'Ignacia', 'IXQ33PEP3HQ', 1, '2019-04-18 14:22:44', 1, '2019-04-18 14:22:44', 0, ''),
(14, 14, 1, 'April', 'QPK78LSF1TS', 1, '2019-04-18 14:22:44', 1, '2019-04-18 14:22:44', 0, ''),
(15, 15, 1, 'Erich', 'HHW67XWA3NM', 1, '2019-04-18 14:22:44', 1, '2019-04-18 14:22:44', 0, ''),
(16, 16, 1, 'Rinah', 'YEI63GWK6RX', 1, '2019-04-18 14:22:44', 1, '2019-04-18 14:22:44', 0, ''),
(17, 17, 1, 'Linda', 'QGD09HZP1UW', 1, '2019-04-18 14:22:44', 1, '2019-04-18 14:22:44', 0, ''),
(18, 18, 1, 'Leslie', 'XCG26HUL3ML', 1, '2019-04-18 14:22:44', 1, '2019-04-18 14:22:44', 0, ''),
(19, 19, 1, 'Jin', 'PNG35ISN4KV', 1, '2019-04-18 14:22:44', 1, '2019-04-18 14:22:44', 0, ''),
(20, 20, 1, 'Blossom', 'UUZ44SZL7ON', 1, '2019-04-18 14:22:44', 1, '2019-04-18 14:22:44', 0, ''),
(21, 21, 1, 'Rahim', 'QXF51TUN6RK', 1, '2019-04-18 14:22:44', 1, '2019-04-18 14:22:44', 0, ''),
(22, 22, 1, 'Lilah', 'FMG55DSY0UY', 1, '2019-04-18 14:22:44', 1, '2019-04-18 14:22:44', 0, ''),
(23, 23, 1, 'Wade', 'ZPG20AVF2ZB', 1, '2019-04-18 14:22:44', 1, '2019-04-18 14:22:44', 0, ''),
(24, 24, 1, 'Celeste', 'QZM77VCM8AJ', 1, '2019-04-18 14:22:44', 1, '2019-04-18 14:22:44', 0, ''),
(25, 25, 1, 'Tanya', 'MTB97LMP8WH', 1, '2019-04-18 14:22:44', 1, '2019-04-18 14:22:44', 0, ''),
(26, 26, 1, 'Rahim', 'OCZ94QYL1FB', 1, '2019-04-18 14:22:44', 1, '2019-04-18 14:22:44', 0, ''),
(27, 27, 1, 'Carson', 'DMR40ZNK9RT', 1, '2019-04-18 14:22:44', 1, '2019-04-18 14:22:44', 0, ''),
(28, 28, 1, 'Olga', 'QWC97USA1HI', 1, '2019-04-18 14:22:44', 1, '2019-04-18 14:22:44', 0, ''),
(29, 29, 1, 'Aphrodite', 'QLR38EAI0GX', 1, '2019-04-18 14:22:44', 1, '2019-04-18 14:22:44', 0, ''),
(30, 30, 1, 'Aidan', 'PNN52KZE7GN', 1, '2019-04-18 14:22:44', 1, '2019-04-18 14:22:44', 0, ''),
(31, 31, 2, 'Hilda', 'TVY77AZF1FI', 1, '2019-04-18 14:24:51', 1, '2019-04-18 14:24:51', 0, ''),
(32, 32, 2, 'Ingrid', 'THV46HIW0PD', 1, '2019-04-18 14:24:51', 1, '2019-04-18 14:24:51', 0, ''),
(33, 33, 2, 'Colby', 'BVE18ZAG8ME', 1, '2019-04-18 14:24:51', 1, '2019-04-18 14:24:51', 0, ''),
(34, 34, 2, 'Howard', 'QAA37JAN9ZQ', 1, '2019-04-18 14:24:51', 1, '2019-04-18 14:24:51', 0, ''),
(35, 35, 2, 'Madaline', 'EDZ55ZKB5GA', 1, '2019-04-18 14:24:51', 1, '2019-04-18 14:24:51', 0, ''),
(36, 36, 2, 'Mollie', 'DMB58QOZ5UT', 1, '2019-04-18 14:24:51', 1, '2019-04-18 14:24:51', 0, ''),
(37, 37, 2, 'Oscar', 'OJU04CVR0FR', 1, '2019-04-18 14:24:51', 1, '2019-04-18 14:24:51', 0, ''),
(38, 38, 2, 'Jamalia', 'DET73TPX1OD', 1, '2019-04-18 14:24:51', 1, '2019-04-18 14:24:51', 0, ''),
(39, 39, 2, 'Noelani', 'AQE37JUP1XG', 1, '2019-04-18 14:24:51', 1, '2019-04-18 14:24:51', 0, ''),
(40, 40, 2, 'Alvin', 'ZGX67OLL0XB', 1, '2019-04-18 14:24:51', 1, '2019-04-18 14:24:51', 0, ''),
(41, 41, 2, 'Hop', 'MZL62QRW5KJ', 1, '2019-04-18 14:24:51', 1, '2019-04-18 14:24:51', 0, ''),
(42, 42, 2, 'Logan', 'ANU62UDM0XF', 1, '2019-04-18 14:24:51', 1, '2019-04-18 14:24:51', 0, ''),
(43, 43, 2, 'Marsden', 'UDR22QPW3JW', 1, '2019-04-18 14:24:51', 1, '2019-04-18 14:24:51', 0, ''),
(44, 44, 2, 'Rooney', 'XRL15BTI1CB', 1, '2019-04-18 14:24:51', 1, '2019-04-18 14:24:51', 0, ''),
(45, 45, 2, 'Sade', 'YIH27NAV2JD', 1, '2019-04-18 14:24:51', 1, '2019-04-18 14:24:51', 0, ''),
(46, 46, 2, 'Holmes', 'MTN09GEM8JY', 1, '2019-04-18 14:24:51', 1, '2019-04-18 14:24:51', 0, ''),
(47, 47, 2, 'Lois', 'DDD79TUV6LO', 1, '2019-04-18 14:24:51', 1, '2019-04-18 14:24:51', 0, ''),
(48, 48, 2, 'Seth', 'MTW15FQM4GM', 1, '2019-04-18 14:24:51', 1, '2019-04-18 14:24:51', 0, ''),
(49, 49, 2, 'Naida', 'VSR32UDL2UC', 1, '2019-04-18 14:24:51', 1, '2019-04-18 14:24:51', 0, ''),
(50, 50, 2, 'Nyssa', 'VFN32ZZB1AW', 1, '2019-04-18 14:24:51', 1, '2019-04-18 14:24:51', 0, ''),
(51, 51, 2, 'Brody', 'ZDL81GCE7RQ', 1, '2019-04-18 14:24:51', 1, '2019-04-18 14:24:51', 0, ''),
(52, 52, 2, 'Brandon', 'RCC74UOS9ZC', 1, '2019-04-18 14:24:51', 1, '2019-04-18 14:24:51', 0, ''),
(53, 53, 2, 'Edward', 'ZOK46CCC5PO', 1, '2019-04-18 14:24:51', 1, '2019-04-18 14:24:51', 0, ''),
(54, 54, 2, 'Kathleen', 'AQU14IED9SM', 1, '2019-04-18 14:24:51', 1, '2019-04-18 14:24:51', 0, ''),
(55, 55, 2, 'Asher', 'GDP15PFN7SH', 1, '2019-04-18 14:24:51', 1, '2019-04-18 14:24:51', 0, ''),
(56, 56, 2, 'Declan', 'JNL82MOZ0JP', 1, '2019-04-18 14:24:51', 1, '2019-04-18 14:24:51', 0, ''),
(57, 57, 2, 'Lunea', 'QQY78SRI4NU', 1, '2019-04-18 14:24:51', 1, '2019-04-18 14:24:51', 0, ''),
(58, 58, 2, 'Tatyana', 'YCL36RRO3MQ', 1, '2019-04-18 14:24:51', 1, '2019-04-18 14:24:51', 0, ''),
(59, 59, 2, 'Alvin', 'PDK03WTU2NY', 1, '2019-04-18 14:24:51', 1, '2019-04-18 14:24:51', 0, ''),
(60, 60, 2, 'Nola', 'XZF21GYX7JB', 1, '2019-04-18 14:24:51', 1, '2019-04-18 14:24:51', 0, ''),
(61, 61, 3, 'Lydia', 'VYY42HEP5GO', 1, '2019-04-18 14:26:49', 1, '2019-04-18 14:26:49', 0, ''),
(62, 62, 3, 'Ashton', 'EAZ21ACL1LE', 1, '2019-04-18 14:26:49', 1, '2019-04-18 14:26:49', 0, ''),
(63, 63, 3, 'Jelani', 'EQD80GXC4FD', 1, '2019-04-18 14:26:49', 1, '2019-04-18 14:26:49', 0, ''),
(64, 64, 3, 'Xander', 'SJD80TVW8NB', 1, '2019-04-18 14:26:49', 1, '2019-04-18 14:26:49', 0, ''),
(65, 65, 3, 'Wang', 'SUG94SRB2FX', 1, '2019-04-18 14:26:49', 1, '2019-04-18 14:26:49', 0, ''),
(66, 66, 3, 'Chastity', 'ZTZ90XYP0CZ', 1, '2019-04-18 14:26:49', 1, '2019-04-18 14:26:49', 0, ''),
(67, 67, 3, 'Gretchen', 'HNT48GNJ5EV', 1, '2019-04-18 14:26:49', 1, '2019-04-18 14:26:49', 0, ''),
(68, 68, 3, 'Wesley', 'QKM62JPB7PS', 1, '2019-04-18 14:26:49', 1, '2019-04-18 14:26:49', 0, ''),
(69, 69, 3, 'Summer', 'JGC39RGS5NM', 1, '2019-04-18 14:26:49', 1, '2019-04-18 14:26:49', 0, ''),
(70, 70, 3, 'Jessamine', 'CFL39SDM9WZ', 1, '2019-04-18 14:26:49', 1, '2019-04-18 14:26:49', 0, ''),
(71, 71, 3, 'Arsenio', 'AJI65THT2FM', 1, '2019-04-18 14:26:49', 1, '2019-04-18 14:26:49', 0, ''),
(72, 72, 3, 'Hedwig', 'DIZ73AJS3OW', 1, '2019-04-18 14:26:49', 1, '2019-04-18 14:26:49', 0, ''),
(73, 73, 3, 'Arthur', 'DCL03FNC8VV', 1, '2019-04-18 14:26:49', 1, '2019-04-18 14:26:49', 0, ''),
(74, 74, 3, 'Clinton', 'EIC61APW9UB', 1, '2019-04-18 14:26:49', 1, '2019-04-18 14:26:49', 0, ''),
(75, 75, 3, 'Bryar', 'GJK27CIU5OI', 1, '2019-04-18 14:26:49', 1, '2019-04-18 14:26:49', 0, ''),
(76, 76, 3, 'Robin', 'WPX67ECE7CU', 1, '2019-04-18 14:26:49', 1, '2019-04-18 14:26:49', 0, ''),
(77, 77, 3, 'Xerxes', 'RYV24NIK3QB', 1, '2019-04-18 14:26:49', 1, '2019-04-18 14:26:49', 0, ''),
(78, 78, 3, 'Britanni', 'YYT61VPX1OT', 1, '2019-04-18 14:26:49', 1, '2019-04-18 14:26:49', 0, ''),
(79, 79, 3, 'Brynn', 'PKJ52IZV5EE', 1, '2019-04-18 14:26:49', 1, '2019-04-18 14:26:49', 0, ''),
(80, 80, 3, 'Serena', 'OYC00BCV1ZP', 1, '2019-04-18 14:26:49', 1, '2019-04-18 14:26:49', 0, ''),
(81, 81, 3, 'Britanni', 'UVA47ZZY9LJ', 1, '2019-04-18 14:26:49', 1, '2019-04-18 14:26:49', 0, ''),
(82, 82, 3, 'Ingrid', 'YMD68CXE7BO', 1, '2019-04-18 14:26:49', 1, '2019-04-18 14:26:49', 0, ''),
(83, 83, 3, 'Abbot', 'LSZ84FAH8VB', 1, '2019-04-18 14:26:49', 1, '2019-04-18 14:26:49', 0, ''),
(84, 84, 3, 'Bree', 'OMT56YON2KK', 1, '2019-04-18 14:26:49', 1, '2019-04-18 14:26:49', 0, ''),
(85, 85, 3, 'Cassidy', 'ZFG52NCD5SU', 1, '2019-04-18 14:26:49', 1, '2019-04-18 14:26:49', 0, ''),
(86, 86, 3, 'Carson', 'BKE24BEA7KF', 1, '2019-04-18 14:26:49', 1, '2019-04-18 14:26:49', 0, ''),
(87, 87, 3, 'Zelenia', 'HZT72GQC3TF', 1, '2019-04-18 14:26:49', 1, '2019-04-18 14:26:49', 0, ''),
(88, 88, 3, 'Tashya', 'YVA62APH5SU', 1, '2019-04-18 14:26:49', 1, '2019-04-18 14:26:49', 0, ''),
(89, 89, 3, 'Patricia', 'VYC90QQA5SO', 1, '2019-04-18 14:26:49', 1, '2019-04-18 14:26:49', 0, ''),
(90, 90, 3, 'Aladdin', 'JSE41TLN8OA', 1, '2019-04-18 14:26:49', 1, '2019-04-18 14:26:49', 0, ''),
(91, 91, 4, 'shahvrushali22', 'vru221299', 1, '2019-04-18 14:28:25', 1, '2019-04-18 14:28:25', 0, ''),
(92, 92, 4, 'yuktapeswani', 'yukta123', 1, '2019-04-18 14:28:25', 1, '2019-04-18 14:28:25', 0, ''),
(93, 93, 4, 'mohit', 'mohit123', 1, '2019-04-18 14:28:57', 1, '2019-04-18 14:28:57', 0, ''),
(94, 94, 4, 'harshkukreja', 'pagal691999', 1, '2019-04-18 14:29:47', 1, '2019-04-18 14:29:47', 0, '');

-- --------------------------------------------------------

--
-- Table structure for table `user_response`
--

CREATE TABLE `user_response` (
  `user_response_id` int(11) NOT NULL,
  `test_id` int(11) NOT NULL,
  `student_id` int(11) NOT NULL,
  `score` int(11) NOT NULL,
  `additional_description` varchar(255) DEFAULT NULL
) ENGINE=InnoDB DEFAULT CHARSET=latin1;

--
-- Dumping data for table `user_response`
--

INSERT INTO `user_response` (`user_response_id`, `test_id`, `student_id`, `score`, `additional_description`) VALUES
(1, 2, 16, 10, ''),
(2, 2, 17, 10, ''),
(3, 2, 18, 5, ''),
(4, 2, 19, 3, ''),
(5, 2, 20, 9, ''),
(6, 2, 21, 5, ''),
(7, 2, 22, 8, ''),
(8, 2, 23, 10, ''),
(9, 2, 24, 7, ''),
(10, 2, 25, 9, ''),
(11, 2, 26, 5, ''),
(12, 2, 27, 3, ''),
(13, 2, 28, 2, ''),
(14, 2, 29, 7, ''),
(15, 2, 30, 3, '');

--
-- Indexes for dumped tables
--

--
-- Indexes for table `batch`
--
ALTER TABLE `batch`
  ADD PRIMARY KEY (`batch_id`);

--
-- Indexes for table `branch`
--
ALTER TABLE `branch`
  ADD PRIMARY KEY (`branch_id`);

--
-- Indexes for table `chapter`
--
ALTER TABLE `chapter`
  ADD PRIMARY KEY (`chapter_id`);

--
-- Indexes for table `division`
--
ALTER TABLE `division`
  ADD PRIMARY KEY (`division_id`);

--
-- Indexes for table `option`
--
ALTER TABLE `option`
  ADD PRIMARY KEY (`option_id`);

--
-- Indexes for table `parent`
--
ALTER TABLE `parent`
  ADD PRIMARY KEY (`parent_id`);

--
-- Indexes for table `person`
--
ALTER TABLE `person`
  ADD PRIMARY KEY (`person_id`);

--
-- Indexes for table `question`
--
ALTER TABLE `question`
  ADD PRIMARY KEY (`question_id`);

--
-- Indexes for table `role`
--
ALTER TABLE `role`
  ADD PRIMARY KEY (`role_id`);

--
-- Indexes for table `semester`
--
ALTER TABLE `semester`
  ADD PRIMARY KEY (`semester_id`);

--
-- Indexes for table `student`
--
ALTER TABLE `student`
  ADD PRIMARY KEY (`student_id`);

--
-- Indexes for table `subject`
--
ALTER TABLE `subject`
  ADD PRIMARY KEY (`subject_id`);

--
-- Indexes for table `teacher`
--
ALTER TABLE `teacher`
  ADD PRIMARY KEY (`teacher_id`);

--
-- Indexes for table `test`
--
ALTER TABLE `test`
  ADD PRIMARY KEY (`test_id`);

--
-- Indexes for table `user`
--
ALTER TABLE `user`
  ADD PRIMARY KEY (`user_id`);

--
-- Indexes for table `user_response`
--
ALTER TABLE `user_response`
  ADD PRIMARY KEY (`user_response_id`);

--
-- AUTO_INCREMENT for dumped tables
--

--
-- AUTO_INCREMENT for table `batch`
--
ALTER TABLE `batch`
  MODIFY `batch_id` int(11) NOT NULL AUTO_INCREMENT, AUTO_INCREMENT=21;

--
-- AUTO_INCREMENT for table `branch`
--
ALTER TABLE `branch`
  MODIFY `branch_id` int(11) NOT NULL AUTO_INCREMENT, AUTO_INCREMENT=10;

--
-- AUTO_INCREMENT for table `chapter`
--
ALTER TABLE `chapter`
  MODIFY `chapter_id` int(11) NOT NULL AUTO_INCREMENT, AUTO_INCREMENT=43;

--
-- AUTO_INCREMENT for table `division`
--
ALTER TABLE `division`
  MODIFY `division_id` int(11) NOT NULL AUTO_INCREMENT, AUTO_INCREMENT=11;

--
-- AUTO_INCREMENT for table `option`
--
ALTER TABLE `option`
  MODIFY `option_id` int(11) NOT NULL AUTO_INCREMENT, AUTO_INCREMENT=381;

--
-- AUTO_INCREMENT for table `parent`
--
ALTER TABLE `parent`
  MODIFY `parent_id` int(11) NOT NULL AUTO_INCREMENT, AUTO_INCREMENT=31;

--
-- AUTO_INCREMENT for table `person`
--
ALTER TABLE `person`
  MODIFY `person_id` int(11) NOT NULL AUTO_INCREMENT, AUTO_INCREMENT=101;

--
-- AUTO_INCREMENT for table `question`
--
ALTER TABLE `question`
  MODIFY `question_id` int(11) NOT NULL AUTO_INCREMENT, AUTO_INCREMENT=70;

--
-- AUTO_INCREMENT for table `role`
--
ALTER TABLE `role`
  MODIFY `role_id` int(11) NOT NULL AUTO_INCREMENT, AUTO_INCREMENT=5;

--
-- AUTO_INCREMENT for table `semester`
--
ALTER TABLE `semester`
  MODIFY `semester_id` int(11) NOT NULL AUTO_INCREMENT, AUTO_INCREMENT=55;

--
-- AUTO_INCREMENT for table `student`
--
ALTER TABLE `student`
  MODIFY `student_id` int(11) NOT NULL AUTO_INCREMENT, AUTO_INCREMENT=31;

--
-- AUTO_INCREMENT for table `subject`
--
ALTER TABLE `subject`
  MODIFY `subject_id` int(11) NOT NULL AUTO_INCREMENT, AUTO_INCREMENT=21;

--
-- AUTO_INCREMENT for table `teacher`
--
ALTER TABLE `teacher`
  MODIFY `teacher_id` int(11) NOT NULL AUTO_INCREMENT, AUTO_INCREMENT=30;

--
-- AUTO_INCREMENT for table `test`
--
ALTER TABLE `test`
  MODIFY `test_id` int(11) NOT NULL AUTO_INCREMENT, AUTO_INCREMENT=3;

--
-- AUTO_INCREMENT for table `user`
--
ALTER TABLE `user`
  MODIFY `user_id` int(11) NOT NULL AUTO_INCREMENT, AUTO_INCREMENT=95;

--
-- AUTO_INCREMENT for table `user_response`
--
ALTER TABLE `user_response`
  MODIFY `user_response_id` int(11) NOT NULL AUTO_INCREMENT, AUTO_INCREMENT=16;
COMMIT;

/*!40101 SET CHARACTER_SET_CLIENT=@OLD_CHARACTER_SET_CLIENT */;
/*!40101 SET CHARACTER_SET_RESULTS=@OLD_CHARACTER_SET_RESULTS */;
/*!40101 SET COLLATION_CONNECTION=@OLD_COLLATION_CONNECTION */;
